task,split,file
open_cabinet,any_state,Xiaofeng-open_cabinet-5-0-0.25-0.55-14-Thu_Jan_19_03:16:45_2023.npz
open_cabinet,any_state,Xiaofeng-open_cabinet-7-0-0.0-0.22-10-Thu_Jan_19_06:36:03_2023.npz
open_cabinet,any_state,Xiaofeng-open_cabinet-4-0-0.0-0.73-11-Wed_Jan_18_22:29:55_2023.npz
open_cabinet,any_state,Xiaofeng-open_cabinet-6-0-0.0-0.62-6-Thu_Jan_19_04:57:55_2023.npz
open_cabinet,any_state,Xiaofeng-open_cabinet-6-1-0.25-0.43-0-Thu_Jan_19_05:33:07_2023.npz
open_cabinet,any_state,Xiaofeng-open_cabinet-6-0-0.0-0.48-6-Thu_Jan_19_04:58:34_2023.npz
open_cabinet,any_state,Xiaofeng-open_cabinet-5-1-0.75-0.88-14-Thu_Jan_19_04:10:47_2023.npz
open_cabinet,any_state,Xiaofeng-open_cabinet-1-0-0.25-0.94-1-Wed_Jan_18_14:03:45_2023.npz
open_cabinet,any_state,Xiaofeng-open_cabinet-2-0-0.25-0.97-15-Wed_Jan_18_17:12:45_2023.npz
open_cabinet,any_state,Xiaofeng-open_cabinet-3-0-0.0-0.28-3-Wed_Jan_18_20:39:39_2023.npz
open_cabinet,any_state,Xiaofeng-open_cabinet-2-0-0.75-0.95-12-Wed_Jan_18_17:59:00_2023.npz
open_cabinet,any_state,Xiaofeng-open_cabinet-4-0-0.25-0.63-7-Wed_Jan_18_22:49:36_2023.npz
open_cabinet,any_state,Xiaofeng-open_cabinet-5-0-0.0-0.43-4-Thu_Jan_19_02:44:31_2023.npz
open_cabinet,any_state,Xiaofeng-open_cabinet-3-0-0.0-0.41-5-Wed_Jan_18_21:17:45_2023.npz
open_cabinet,any_state,Xiaofeng-open_cabinet-5-0-0.25-0.73-4-Thu_Jan_19_02:48:26_2023.npz
open_cabinet,any_state,Xiaofeng-open_cabinet-6-0-0.25-0.44-2-Thu_Jan_19_04:34:27_2023.npz
open_cabinet,any_state,Xiaofeng-open_cabinet-5-0-0.75-0.92-2-Thu_Jan_19_02:16:44_2023.npz
open_cabinet,any_state,Xiaofeng-open_cabinet-1-0-0.75-0.94-5-Wed_Jan_18_13:45:23_2023.npz
open_cabinet,any_state,Xiaofeng-open_cabinet-6-0-0.75-0.88-2-Thu_Jan_19_04:28:52_2023.npz
open_cabinet,any_state,Xiaofeng-open_cabinet-7-0-0.25-0.49-7-Thu_Jan_19_06:30:17_2023.npz
open_cabinet,novel_object,Xiaofeng-open_cabinet-9-0-0.0-0.25-4-Thu_Jan_19_09:28:25_2023.npz
open_cabinet,novel_object,Xiaofeng-open_cabinet-9-0-0.0-0.5-15-Thu_Jan_19_08:51:58_2023.npz
open_cabinet,novel_object,Xiaofeng-open_cabinet-9-0-0.0-0.25-12-Thu_Jan_19_09:05:52_2023.npz
open_cabinet,novel_object,Xiaofeng-open_cabinet-9-0-0.25-0.5-9-Thu_Jan_19_08:40:13_2023.npz
open_cabinet,novel_object,Xiaofeng-open_cabinet-9-0-0.25-0.5-4-Thu_Jan_19_09:24:04_2023.npz
open_cabinet,novel_object,Xiaofeng-open_cabinet-9-0-0.5-1.0-0-Thu_Jan_19_08:21:38_2023.npz
open_cabinet,novel_object,Xiaofeng-open_cabinet-9-0-0.25-0.5-4-Thu_Jan_19_09:31:03_2023.npz
open_cabinet,novel_object,Xiaofeng-open_cabinet-9-1-0.25-0.5-12-Thu_Jan_19_10:43:17_2023.npz
open_cabinet,novel_object,Xiaofeng-open_cabinet-9-1-0.0-0.25-0-Thu_Jan_19_09:51:25_2023.npz
open_cabinet,novel_object,Xiaofeng-open_cabinet-9-1-0.25-0.5-12-Thu_Jan_19_10:42:58_2023.npz
open_cabinet,novel_object,Xiaofeng-open_cabinet-9-0-0.0-0.25-1-Thu_Jan_19_08:47:01_2023.npz
open_cabinet,novel_object,Xiaofeng-open_cabinet-9-0-0.0-0.5-9-Thu_Jan_19_08:30:51_2023.npz
open_cabinet,novel_object,Xiaofeng-open_cabinet-9-1-0.75-1.0-12-Thu_Jan_19_10:50:09_2023.npz
open_cabinet,novel_object,Xiaofeng-open_cabinet-9-0-0.0-0.25-9-Thu_Jan_19_08:30:06_2023.npz
open_cabinet,novel_object,Xiaofeng-open_cabinet-9-1-0.75-1.0-12-Thu_Jan_19_10:50:20_2023.npz
open_cabinet,novel_object,Xiaofeng-open_cabinet-9-1-0.75-1.0-0-Thu_Jan_19_09:55:07_2023.npz
open_cabinet,novel_object,Xiaofeng-open_cabinet-9-1-0.75-1.0-12-Thu_Jan_19_10:50:15_2023.npz
open_cabinet,novel_object,Xiaofeng-open_cabinet-9-0-0.0-0.25-0-Thu_Jan_19_08:14:39_2023.npz
open_cabinet,novel_object,Xiaofeng-open_cabinet-9-0-0.0-0.5-9-Thu_Jan_19_08:31:05_2023.npz
open_cabinet,novel_object,Xiaofeng-open_cabinet-9-0-0.0-0.5-9-Thu_Jan_19_08:37:48_2023.npz
open_cabinet,novel_scene,Xiaofeng-open_cabinet-5-0-0.25-0.5-16-Thu_Jan_19_02:21:50_2023.npz
open_cabinet,novel_scene,Xiaofeng-open_cabinet-5-0-0.5-1.0-18-Thu_Jan_19_03:07:57_2023.npz
open_cabinet,novel_scene,Xiaofeng-open_cabinet-4-0-0.25-0.5-16-Wed_Jan_18_23:41:52_2023.npz
open_cabinet,novel_scene,Xiaofeng-open_cabinet-5-0-0.5-1.0-18-Thu_Jan_19_03:12:46_2023.npz
open_cabinet,novel_scene,Xiaofeng-open_cabinet-5-0-0.0-0.5-16-Thu_Jan_19_02:17:39_2023.npz
open_cabinet,novel_scene,Xiaofeng-open_cabinet-4-0-0.0-0.25-18-Wed_Jan_18_22:55:58_2023.npz
open_cabinet,novel_scene,Xiaofeng-open_cabinet-5-0-0.25-1.0-17-Thu_Jan_19_02:37:38_2023.npz
open_cabinet,novel_scene,Xiaofeng-open_cabinet-5-0-0.5-1.0-17-Thu_Jan_19_02:39:05_2023.npz
open_cabinet,novel_scene,Xiaofeng-open_cabinet-5-0-0.5-1.0-18-Thu_Jan_19_03:12:38_2023.npz
open_cabinet,novel_scene,Xiaofeng-open_cabinet-4-0-0.0-0.25-16-Wed_Jan_18_23:38:47_2023.npz
open_cabinet,novel_scene,Xiaofeng-open_cabinet-1-1-0.5-1.0-16-Wed_Jan_18_16:26:52_2023.npz
open_cabinet,novel_scene,Xiaofeng-open_cabinet-2-0-0.0-0.25-18-Wed_Jan_18_18:00:09_2023.npz
open_cabinet,novel_scene,Xiaofeng-open_cabinet-5-0-0.5-1.0-17-Thu_Jan_19_02:38:29_2023.npz
open_cabinet,novel_scene,Xiaofeng-open_cabinet-4-0-0.25-0.5-18-Wed_Jan_18_23:02:03_2023.npz
open_cabinet,novel_scene,Xiaofeng-open_cabinet-5-0-0.25-1.0-16-Thu_Jan_19_02:23:33_2023.npz
open_cabinet,novel_scene,Xiaofeng-open_cabinet-1-0-0.25-0.5-16-Wed_Jan_18_14:58:45_2023.npz
open_cabinet,novel_scene,Xiaofeng-open_cabinet-5-0-0.25-1.0-17-Thu_Jan_19_02:41:00_2023.npz
open_cabinet,novel_scene,Xiaofeng-open_cabinet-4-0-0.25-0.5-16-Wed_Jan_18_23:34:47_2023.npz
open_cabinet,novel_scene,Xiaofeng-open_cabinet-3-0-0.0-0.5-16-Wed_Jan_18_19:55:10_2023.npz
open_cabinet,novel_scene,Xiaofeng-open_cabinet-2-0-0.25-0.5-18-Wed_Jan_18_18:02:53_2023.npz
open_cabinet,novel_state,Xiaofeng-open_cabinet-4-0-0.25-0.75-11-Wed_Jan_18_22:44:03_2023.npz
open_cabinet,novel_state,Xiaofeng-open_cabinet-5-0-0.5-0.75-4-Thu_Jan_19_02:52:25_2023.npz
open_cabinet,novel_state,Xiaofeng-open_cabinet-7-0-0.5-0.75-7-Thu_Jan_19_06:32:16_2023.npz
open_cabinet,novel_state,Xiaofeng-open_cabinet-5-0-0.5-0.75-4-Thu_Jan_19_02:51:49_2023.npz
open_cabinet,novel_state,Xiaofeng-open_cabinet-5-0-0.25-0.75-4-Thu_Jan_19_02:49:16_2023.npz
open_cabinet,novel_state,Xiaofeng-open_cabinet-2-0-0.5-0.75-12-Wed_Jan_18_17:45:19_2023.npz
open_cabinet,novel_state,Xiaofeng-open_cabinet-6-0-0.25-0.75-6-Thu_Jan_19_05:02:45_2023.npz
open_cabinet,novel_state,Xiaofeng-open_cabinet-7-0-0.0-0.75-7-Thu_Jan_19_06:28:37_2023.npz
open_cabinet,novel_state,Xiaofeng-open_cabinet-6-0-0.5-0.75-2-Thu_Jan_19_04:26:39_2023.npz
open_cabinet,novel_state,Xiaofeng-open_cabinet-7-0-0.0-0.75-13-Thu_Jan_19_06:07:40_2023.npz
open_cabinet,novel_state,Xiaofeng-open_cabinet-7-0-0.5-0.75-13-Thu_Jan_19_06:11:36_2023.npz
open_cabinet,novel_state,Xiaofeng-open_cabinet-5-0-0.0-0.75-2-Thu_Jan_19_02:08:28_2023.npz
open_cabinet,novel_state,Xiaofeng-open_cabinet-7-0-0.5-0.75-10-Thu_Jan_19_06:40:17_2023.npz
open_cabinet,novel_state,Xiaofeng-open_cabinet-6-1-0.5-0.75-0-Thu_Jan_19_05:36:00_2023.npz
open_cabinet,novel_state,Xiaofeng-open_cabinet-7-0-0.5-0.75-8-Thu_Jan_19_07:25:55_2023.npz
open_cabinet,novel_state,Xiaofeng-open_cabinet-2-0-0.5-0.75-12-Wed_Jan_18_17:45:01_2023.npz
open_cabinet,novel_state,Xiaofeng-open_cabinet-5-0-0.25-0.75-0-Thu_Jan_19_03:23:17_2023.npz
open_cabinet,novel_state,Xiaofeng-open_cabinet-7-0-0.25-0.75-7-Thu_Jan_19_06:31:06_2023.npz
open_cabinet,novel_state,Xiaofeng-open_cabinet-6-0-0.25-0.75-2-Thu_Jan_19_04:34:33_2023.npz
open_cabinet,novel_state,Xiaofeng-open_cabinet-6-0-0.5-0.75-2-Thu_Jan_19_04:35:51_2023.npz
open_cabinet,test,Xiaofeng-open_cabinet-1-0-0.25-0.5-12-Wed_Jan_18_14:15:06_2023.npz
open_cabinet,test,Xiaofeng-open_cabinet-5-0-0.25-1.0-4-Thu_Jan_19_02:57:31_2023.npz
open_cabinet,test,Xiaofeng-open_cabinet-2-0-0.0-0.25-12-Wed_Jan_18_17:34:20_2023.npz
open_cabinet,test,Xiaofeng-open_cabinet-5-0-0.0-0.5-4-Thu_Jan_19_02:44:31_2023.npz
open_cabinet,test,Xiaofeng-open_cabinet-7-0-0.0-0.25-10-Thu_Jan_19_06:36:03_2023.npz
open_cabinet,test,Xiaofeng-open_cabinet-0-0-0.0-0.25-11-Wed_Jan_18_12:09:11_2023.npz
open_cabinet,test,Xiaofeng-open_cabinet-5-0-0.0-0.25-2-Thu_Jan_19_02:06:46_2023.npz
open_cabinet,test,Xiaofeng-open_cabinet-1-0-0.25-0.5-4-Wed_Jan_18_14:33:17_2023.npz
open_cabinet,test,Xiaofeng-open_cabinet-5-0-0.75-1.0-4-Thu_Jan_19_03:00:10_2023.npz
open_cabinet,test,Xiaofeng-open_cabinet-1-0-0.25-0.5-5-Wed_Jan_18_13:43:33_2023.npz
open_cabinet,test,Xiaofeng-open_cabinet-6-0-0.75-1.0-12-Thu_Jan_19_05:15:41_2023.npz
open_cabinet,test,Xiaofeng-open_cabinet-5-0-0.25-0.5-4-Thu_Jan_19_02:48:26_2023.npz
open_cabinet,test,Xiaofeng-open_cabinet-2-0-0.0-0.25-13-Wed_Jan_18_16:46:04_2023.npz
open_cabinet,test,Xiaofeng-open_cabinet-6-0-0.0-0.5-12-Thu_Jan_19_04:38:14_2023.npz
open_cabinet,test,Xiaofeng-open_cabinet-3-1-0.0-0.5-2-Wed_Jan_18_21:51:02_2023.npz
open_cabinet,test,Xiaofeng-open_cabinet-6-0-0.0-0.25-6-Thu_Jan_19_04:57:55_2023.npz
open_cabinet,test,Xiaofeng-open_cabinet-7-0-0.25-0.5-2-Thu_Jan_19_07:08:08_2023.npz
open_cabinet,test,Xiaofeng-open_cabinet-4-0-0.25-0.5-1-Wed_Jan_18_23:21:50_2023.npz
open_cabinet,test,Xiaofeng-open_cabinet-0-0-0.0-0.5-0-Wed_Jan_18_12:41:48_2023.npz
open_cabinet,test,Xiaofeng-open_cabinet-2-1-0.0-0.25-2-Wed_Jan_18_19:06:41_2023.npz
close_cabinet,any_state,Xiaofeng-close_cabinet-2-0-0.75-0.32-3-Wed_Jan_18_11:49:39_2023.npz
close_cabinet,any_state,Xiaofeng-close_cabinet-2-0-0.75-0.55-15-Wed_Jan_18_11:23:11_2023.npz
close_cabinet,any_state,Xiaofeng-close_cabinet-5-0-0.75-0.49-8-Wed_Jan_18_22:44:18_2023.npz
close_cabinet,any_state,Xiaofeng-close_cabinet-4-0-0.25-0.05-11-Wed_Jan_18_18:24:30_2023.npz
close_cabinet,any_state,Xiaofeng-close_cabinet-1-0-0.5-0.16-8-Wed_Jan_18_08:35:08_2023.npz
close_cabinet,any_state,Xiaofeng-close_cabinet-0-0-0.25-0.03-13-Wed_Jan_18_04:02:27_2023.npz
close_cabinet,any_state,Xiaofeng-close_cabinet-7-0-0.5-0.27-8-Thu_Jan_19_06:03:56_2023.npz
close_cabinet,any_state,Xiaofeng-close_cabinet-6-0-0.75-0.01-0-Thu_Jan_19_00:35:08_2023.npz
close_cabinet,any_state,Xiaofeng-close_cabinet-0-0-0.5-0.24-5-Wed_Jan_18_05:46:54_2023.npz
close_cabinet,any_state,Xiaofeng-close_cabinet-6-0-0.5-0.24-0-Thu_Jan_19_00:38:50_2023.npz
close_cabinet,any_state,Xiaofeng-close_cabinet-7-0-0.5-0.37-11-Thu_Jan_19_04:14:05_2023.npz
close_cabinet,any_state,Xiaofeng-close_cabinet-0-0-0.25-0.11-14-Wed_Jan_18_05:15:02_2023.npz
close_cabinet,any_state,Xiaofeng-close_cabinet-6-0-0.75-0.09-8-Thu_Jan_19_00:30:39_2023.npz
close_cabinet,any_state,Xiaofeng-close_cabinet-7-0-0.25-0.09-6-Thu_Jan_19_05:22:27_2023.npz
close_cabinet,any_state,Xiaofeng-close_cabinet-6-0-0.75-0.1-0-Thu_Jan_19_00:40:40_2023.npz
close_cabinet,any_state,Xiaofeng-close_cabinet-4-0-0.5-0.04-11-Wed_Jan_18_18:21:56_2023.npz
close_cabinet,any_state,Xiaofeng-close_cabinet-7-0-0.5-0.2-8-Thu_Jan_19_06:04:09_2023.npz
close_cabinet,any_state,Xiaofeng-close_cabinet-3-0-1.0-0.46-6-Wed_Jan_18_17:13:24_2023.npz
close_cabinet,any_state,Xiaofeng-close_cabinet-5-0-1.0-0.84-0-Wed_Jan_18_22:58:17_2023.npz
close_cabinet,any_state,Xiaofeng-close_cabinet-7-0-0.5-0.17-8-Thu_Jan_19_06:04:14_2023.npz
close_cabinet,novel_object,Xiaofeng-close_cabinet-9-0-0.5-0.25-6-Thu_Jan_19_10:21:49_2023.npz
close_cabinet,novel_object,Xiaofeng-close_cabinet-9-0-0.5-0.0-9-Thu_Jan_19_10:58:27_2023.npz
close_cabinet,novel_object,Xiaofeng-close_cabinet-9-0-0.75-0.5-12-Thu_Jan_19_09:28:24_2023.npz
close_cabinet,novel_object,Xiaofeng-close_cabinet-9-0-0.25-0.0-6-Thu_Jan_19_10:19:56_2023.npz
close_cabinet,novel_object,Xiaofeng-close_cabinet-9-0-0.25-0.0-6-Thu_Jan_19_10:19:48_2023.npz
close_cabinet,novel_object,Xiaofeng-close_cabinet-9-0-0.5-0.25-6-Thu_Jan_19_10:21:27_2023.npz
close_cabinet,novel_object,Xiaofeng-close_cabinet-9-0-0.25-0.0-9-Thu_Jan_19_10:57:51_2023.npz
close_cabinet,novel_object,Xiaofeng-close_cabinet-9-0-0.75-0.25-12-Thu_Jan_19_09:25:51_2023.npz
close_cabinet,novel_object,Xiaofeng-close_cabinet-9-0-0.25-0.0-7-Thu_Jan_19_10:10:14_2023.npz
close_cabinet,novel_object,Xiaofeng-close_cabinet-9-0-0.5-0.25-9-Thu_Jan_19_11:01:15_2023.npz
close_cabinet,novel_object,Xiaofeng-close_cabinet-9-0-0.75-0.5-6-Thu_Jan_19_10:37:51_2023.npz
close_cabinet,novel_object,Xiaofeng-close_cabinet-9-0-0.25-0.0-9-Thu_Jan_19_10:57:40_2023.npz
close_cabinet,novel_object,Xiaofeng-close_cabinet-9-0-0.75-0.25-12-Thu_Jan_19_09:25:57_2023.npz
close_cabinet,novel_object,Xiaofeng-close_cabinet-9-0-0.5-0.25-12-Thu_Jan_19_09:20:44_2023.npz
close_cabinet,novel_object,Xiaofeng-close_cabinet-9-0-0.5-0.25-6-Thu_Jan_19_10:21:34_2023.npz
close_cabinet,novel_object,Xiaofeng-close_cabinet-9-0-1.0-0.5-12-Thu_Jan_19_09:36:25_2023.npz
close_cabinet,novel_object,Xiaofeng-close_cabinet-9-0-0.75-0.5-12-Thu_Jan_19_09:28:36_2023.npz
close_cabinet,novel_object,Xiaofeng-close_cabinet-9-0-0.75-0.25-12-Thu_Jan_19_09:25:45_2023.npz
close_cabinet,novel_object,Xiaofeng-close_cabinet-9-0-0.75-0.25-9-Thu_Jan_19_11:13:12_2023.npz
close_cabinet,novel_object,Xiaofeng-close_cabinet-9-0-1.0-0.5-12-Thu_Jan_19_09:36:12_2023.npz
close_cabinet,novel_scene,Xiaofeng-close_cabinet-7-0-0.5-0.25-18-Thu_Jan_19_04:30:07_2023.npz
close_cabinet,novel_scene,Xiaofeng-close_cabinet-7-0-0.5-0.25-18-Thu_Jan_19_04:30:00_2023.npz
close_cabinet,novel_scene,Xiaofeng-close_cabinet-7-0-0.75-0.5-18-Thu_Jan_19_04:33:36_2023.npz
close_cabinet,novel_scene,Xiaofeng-close_cabinet-6-0-0.5-0.0-18-Wed_Jan_18_23:54:38_2023.npz
close_cabinet,novel_scene,Xiaofeng-close_cabinet-7-0-0.25-0.0-16-Thu_Jan_19_06:20:41_2023.npz
close_cabinet,novel_scene,Xiaofeng-close_cabinet-7-0-0.75-0.5-16-Thu_Jan_19_06:28:06_2023.npz
close_cabinet,novel_scene,Xiaofeng-close_cabinet-1-0-0.25-0.0-17-Wed_Jan_18_07:44:00_2023.npz
close_cabinet,novel_scene,Xiaofeng-close_cabinet-1-0-0.25-0.0-17-Wed_Jan_18_07:44:20_2023.npz
close_cabinet,novel_scene,Xiaofeng-close_cabinet-7-0-0.75-0.5-18-Thu_Jan_19_04:33:51_2023.npz
close_cabinet,novel_scene,Xiaofeng-close_cabinet-1-0-0.75-0.25-17-Wed_Jan_18_07:46:24_2023.npz
close_cabinet,novel_scene,Xiaofeng-close_cabinet-6-0-0.75-0.0-18-Thu_Jan_19_00:01:56_2023.npz
close_cabinet,novel_scene,Xiaofeng-close_cabinet-0-0-0.75-0.5-16-Wed_Jan_18_04:24:33_2023.npz
close_cabinet,novel_scene,Xiaofeng-close_cabinet-3-0-1.0-0.5-18-Wed_Jan_18_16:57:09_2023.npz
close_cabinet,novel_scene,Xiaofeng-close_cabinet-1-0-0.75-0.5-17-Wed_Jan_18_07:46:41_2023.npz
close_cabinet,novel_scene,Xiaofeng-close_cabinet-4-1-0.5-0.25-16-Wed_Jan_18_21:52:48_2023.npz
close_cabinet,novel_scene,Xiaofeng-close_cabinet-1-0-0.25-0.0-17-Wed_Jan_18_07:48:50_2023.npz
close_cabinet,novel_scene,Xiaofeng-close_cabinet-0-1-0.75-0.5-16-Wed_Jan_18_06:25:00_2023.npz
close_cabinet,novel_scene,Xiaofeng-close_cabinet-6-0-0.75-0.25-18-Thu_Jan_19_00:02:47_2023.npz
close_cabinet,novel_scene,Xiaofeng-close_cabinet-7-0-0.25-0.0-16-Thu_Jan_19_06:20:29_2023.npz
close_cabinet,novel_scene,Xiaofeng-close_cabinet-0-1-0.75-0.25-17-Wed_Jan_18_06:44:38_2023.npz
close_cabinet,novel_state,Xiaofeng-close_cabinet-1-0-1.0-0.75-8-Wed_Jan_18_08:39:22_2023.npz
close_cabinet,novel_state,Xiaofeng-close_cabinet-6-0-1.0-0.75-0-Thu_Jan_19_00:37:15_2023.npz
close_cabinet,novel_state,Xiaofeng-close_cabinet-7-0-1.0-0.75-15-Thu_Jan_19_05:03:29_2023.npz
close_cabinet,novel_state,Xiaofeng-close_cabinet-3-0-1.0-0.75-6-Wed_Jan_18_17:14:20_2023.npz
close_cabinet,novel_state,Xiaofeng-close_cabinet-1-0-1.0-0.75-15-Wed_Jan_18_08:15:04_2023.npz
close_cabinet,novel_state,Xiaofeng-close_cabinet-3-0-1.0-0.75-6-Wed_Jan_18_17:14:05_2023.npz
close_cabinet,novel_state,Xiaofeng-close_cabinet-2-1-1.0-0.75-13-Wed_Jan_18_16:14:09_2023.npz
close_cabinet,novel_state,Xiaofeng-close_cabinet-2-0-1.0-0.75-3-Wed_Jan_18_11:53:34_2023.npz
close_cabinet,novel_state,Xiaofeng-close_cabinet-5-0-1.0-0.75-0-Wed_Jan_18_22:59:35_2023.npz
close_cabinet,novel_state,Xiaofeng-close_cabinet-1-0-1.0-0.75-5-Wed_Jan_18_08:54:33_2023.npz
close_cabinet,novel_state,Xiaofeng-close_cabinet-5-0-1.0-0.75-13-Wed_Jan_18_22:31:56_2023.npz
close_cabinet,novel_state,Xiaofeng-close_cabinet-5-0-1.0-0.75-0-Wed_Jan_18_22:56:37_2023.npz
close_cabinet,novel_state,Xiaofeng-close_cabinet-3-0-1.0-0.75-6-Wed_Jan_18_17:14:27_2023.npz
close_cabinet,novel_state,Xiaofeng-close_cabinet-1-0-1.0-0.75-8-Wed_Jan_18_08:39:11_2023.npz
close_cabinet,novel_state,Xiaofeng-close_cabinet-5-0-1.0-0.75-5-Wed_Jan_18_23:04:45_2023.npz
close_cabinet,novel_state,Xiaofeng-close_cabinet-6-1-1.0-0.75-14-Thu_Jan_19_02:35:45_2023.npz
close_cabinet,novel_state,Xiaofeng-close_cabinet-3-0-1.0-0.75-8-Wed_Jan_18_17:45:39_2023.npz
close_cabinet,novel_state,Xiaofeng-close_cabinet-1-0-1.0-0.75-15-Wed_Jan_18_08:15:14_2023.npz
close_cabinet,novel_state,Xiaofeng-close_cabinet-5-0-1.0-0.75-8-Wed_Jan_18_22:48:52_2023.npz
close_cabinet,novel_state,Xiaofeng-close_cabinet-1-0-1.0-0.75-13-Wed_Jan_18_08:01:14_2023.npz
close_cabinet,test,Xiaofeng-close_cabinet-6-0-0.75-0.5-13-Thu_Jan_19_01:53:01_2023.npz
close_cabinet,test,Xiaofeng-close_cabinet-4-0-0.25-0.0-11-Wed_Jan_18_18:24:30_2023.npz
close_cabinet,test,Xiaofeng-close_cabinet-3-0-1.0-0.5-6-Wed_Jan_18_17:13:57_2023.npz
close_cabinet,test,Xiaofeng-close_cabinet-4-0-0.25-0.0-4-Wed_Jan_18_19:38:35_2023.npz
close_cabinet,test,Xiaofeng-close_cabinet-0-0-1.0-0.5-8-Wed_Jan_18_05:06:53_2023.npz
close_cabinet,test,Xiaofeng-close_cabinet-1-0-0.25-0.0-2-Wed_Jan_18_08:27:16_2023.npz
close_cabinet,test,Xiaofeng-close_cabinet-6-0-0.25-0.0-10-Thu_Jan_19_01:38:05_2023.npz
close_cabinet,test,Xiaofeng-close_cabinet-7-0-0.5-0.25-8-Thu_Jan_19_06:04:14_2023.npz
close_cabinet,test,Xiaofeng-close_cabinet-5-0-0.75-0.25-8-Wed_Jan_18_22:42:11_2023.npz
close_cabinet,test,Xiaofeng-close_cabinet-6-0-0.25-0.0-10-Thu_Jan_19_01:38:14_2023.npz
close_cabinet,test,Xiaofeng-close_cabinet-6-0-0.5-0.25-14-Thu_Jan_19_00:15:50_2023.npz
close_cabinet,test,Xiaofeng-close_cabinet-6-0-0.5-0.25-13-Thu_Jan_19_01:50:45_2023.npz
close_cabinet,test,Xiaofeng-close_cabinet-0-0-0.75-0.5-5-Wed_Jan_18_05:51:09_2023.npz
close_cabinet,test,Ziheng-close_cabinet-1-0-0.25-0.0-8-Thu_Jan_19_12:38:17_2023.npz
close_cabinet,test,Xiaofeng-close_cabinet-0-1-0.75-0.5-10-Wed_Jan_18_07:28:45_2023.npz
close_cabinet,test,Xiaofeng-close_cabinet-2-0-0.25-0.0-3-Wed_Jan_18_11:44:56_2023.npz
close_cabinet,test,Xiaofeng-close_cabinet-1-0-1.0-0.5-8-Wed_Jan_18_08:38:33_2023.npz
close_cabinet,test,Xiaofeng-close_cabinet-7-0-0.5-0.25-6-Thu_Jan_19_05:14:17_2023.npz
close_cabinet,test,Xiaofeng-close_cabinet-4-0-0.5-0.25-11-Wed_Jan_18_18:21:56_2023.npz
close_cabinet,test,Xiaofeng-close_cabinet-7-0-0.5-0.0-8-Thu_Jan_19_05:57:31_2023.npz
close_drawer,any_state,Ziheng-close_drawer-2-0-0.25-0.15-1-Tue_Jan_31_21:52:57_2023.npz
close_drawer,any_state,Ziheng-close_drawer-2-0-0.25-0.15-0-Tue_Jan_31_18:49:01_2023.npz
close_drawer,any_state,Ziheng-close_drawer-4-0-0.75-0.43-12-Wed_Feb__1_02:34:45_2023.npz
close_drawer,any_state,Steven-close_drawer-4-0-1.0-0.39-7-Tue_Jan_31_04:40:48_2023.npz
close_drawer,any_state,Steven-close_drawer-1-0-0.75-0.6-14-Tue_Jan_31_03:52:11_2023.npz
close_drawer,any_state,Steven-close_drawer-1-0-1.0-0.44-14-Tue_Jan_31_03:53:10_2023.npz
close_drawer,any_state,Ziheng-close_drawer-1-0-1.0-0.64-7-Tue_Jan_31_17:21:56_2023.npz
close_drawer,any_state,Ziheng-close_drawer-3-0-0.25-0.03-5-Tue_Jan_31_22:25:07_2023.npz
close_drawer,any_state,Ziheng-close_drawer-4-0-1.0-0.4-3-Wed_Feb__1_03:47:21_2023.npz
close_drawer,any_state,Ziheng-close_drawer-4-0-1.0-0.22-12-Wed_Feb__1_02:59:21_2023.npz
close_drawer,any_state,Ziheng-close_drawer-6-0-0.25-0.07-6-Wed_Feb__1_18:00:40_2023.npz
close_drawer,any_state,Ziheng-close_drawer-1-0-1.0-0.22-9-Tue_Jan_31_17:50:23_2023.npz
close_drawer,any_state,Ziheng-close_drawer-1-0-0.5-0.38-7-Tue_Jan_31_17:13:07_2023.npz
close_drawer,any_state,Ziheng-close_drawer-7-0-0.5-0.0-3-Thu_Feb__2_01:26:51_2023.npz
close_drawer,any_state,Ziheng-close_drawer-1-0-1.0-0.25-7-Tue_Jan_31_17:22:41_2023.npz
close_drawer,any_state,Ziheng-close_drawer-6-0-0.75-0.57-11-Wed_Feb__1_19:10:07_2023.npz
close_drawer,any_state,Ziheng-close_drawer-7-0-0.5-0.1-13-Thu_Feb__2_00:39:04_2023.npz
close_drawer,any_state,Ziheng-close_drawer-2-0-1.0-0.43-12-Tue_Jan_31_21:33:31_2023.npz
close_drawer,any_state,Ziheng-close_drawer-2-0-0.5-0.09-0-Tue_Jan_31_18:52:22_2023.npz
close_drawer,any_state,Ziheng-close_drawer-5-0-1.0-0.36-10-Wed_Feb__1_14:14:54_2023.npz
close_drawer,novel_object,Ziheng-close_drawer-9-0-1.0-0.0-12-Thu_Feb__2_11:16:17_2023.npz
close_drawer,novel_object,Ziheng-close_drawer-9-0-1.0-0.75-7-Thu_Feb__2_06:17:50_2023.npz
close_drawer,novel_object,Steven-close_drawer-8-0-1.0-0.0-2-Tue_Jan_31_05:17:09_2023.npz
close_drawer,novel_object,Ziheng-close_drawer-9-0-0.75-0.5-8-Thu_Feb__2_08:44:24_2023.npz
close_drawer,novel_object,Ziheng-close_drawer-8-0-0.5-0.0-9-Thu_Feb__2_03:03:51_2023.npz
close_drawer,novel_object,Ziheng-close_drawer-9-0-1.0-0.0-8-Thu_Feb__2_08:50:52_2023.npz
close_drawer,novel_object,Ziheng-close_drawer-8-0-0.25-0.0-1-Thu_Feb__2_03:49:01_2023.npz
close_drawer,novel_object,Ziheng-close_drawer-9-0-1.0-0.75-0-Thu_Feb__2_10:15:17_2023.npz
close_drawer,novel_object,Ziheng-close_drawer-9-0-0.25-0.0-11-Thu_Feb__2_06:24:04_2023.npz
close_drawer,novel_object,Ziheng-close_drawer-8-0-0.25-0.0-1-Thu_Feb__2_03:48:10_2023.npz
close_drawer,novel_object,Ziheng-close_drawer-9-0-1.0-0.0-0-Thu_Feb__2_09:56:13_2023.npz
close_drawer,novel_object,Ziheng-close_drawer-9-0-1.0-0.75-0-Thu_Feb__2_10:13:59_2023.npz
close_drawer,novel_object,Ziheng-close_drawer-9-0-1.0-0.75-8-Thu_Feb__2_09:05:41_2023.npz
close_drawer,novel_object,Ziheng-close_drawer-9-0-0.75-0.0-8-Thu_Feb__2_08:35:56_2023.npz
close_drawer,novel_object,Ziheng-close_drawer-9-0-0.75-0.5-0-Thu_Feb__2_09:47:34_2023.npz
close_drawer,novel_object,Steven-close_drawer-8-0-0.75-0.0-13-Tue_Jan_31_04:59:02_2023.npz
close_drawer,novel_object,Ziheng-close_drawer-9-0-1.0-0.75-7-Thu_Feb__2_06:18:45_2023.npz
close_drawer,novel_object,Ziheng-close_drawer-8-0-0.25-0.0-9-Thu_Feb__2_02:57:05_2023.npz
close_drawer,novel_object,Steven-close_drawer-8-0-0.25-0.0-13-Tue_Jan_31_04:54:33_2023.npz
close_drawer,novel_object,Steven-close_drawer-8-0-1.0-0.5-2-Tue_Jan_31_05:19:42_2023.npz
close_drawer,novel_scene,Ziheng-close_drawer-4-0-0.75-0.0-16-Wed_Feb__1_01:17:13_2023.npz
close_drawer,novel_scene,Ziheng-close_drawer-1-0-1.0-0.75-18-Tue_Jan_31_17:07:39_2023.npz
close_drawer,novel_scene,Ziheng-close_drawer-1-0-0.75-0.0-18-Tue_Jan_31_16:57:33_2023.npz
close_drawer,novel_scene,Ziheng-close_drawer-4-0-0.75-0.0-16-Wed_Feb__1_01:19:05_2023.npz
close_drawer,novel_scene,Ziheng-close_drawer-1-0-0.25-0.0-18-Tue_Jan_31_16:51:10_2023.npz
close_drawer,novel_scene,Steven-close_drawer-5-0-0.25-0.0-18-Tue_Jan_31_04:42:12_2023.npz
close_drawer,novel_scene,Steven-close_drawer-5-0-1.0-0.5-18-Tue_Jan_31_04:52:20_2023.npz
close_drawer,novel_scene,Ziheng-close_drawer-4-0-0.25-0.0-16-Wed_Feb__1_00:58:31_2023.npz
close_drawer,novel_scene,Steven-close_drawer-5-0-0.5-0.0-18-Tue_Jan_31_04:43:34_2023.npz
close_drawer,novel_scene,Ziheng-close_drawer-4-0-0.75-0.0-16-Wed_Feb__1_01:17:50_2023.npz
close_drawer,novel_scene,Ziheng-close_drawer-4-0-1.0-0.5-16-Wed_Feb__1_01:46:12_2023.npz
close_drawer,novel_scene,Steven-close_drawer-5-0-1.0-0.5-18-Tue_Jan_31_04:52:27_2023.npz
close_drawer,novel_scene,Ziheng-close_drawer-1-0-0.75-0.0-18-Tue_Jan_31_16:57:12_2023.npz
close_drawer,novel_scene,Ziheng-close_drawer-1-0-1.0-0.5-18-Tue_Jan_31_17:05:57_2023.npz
close_drawer,novel_scene,Steven-close_drawer-0-0-0.25-0.0-19-Tue_Jan_31_02:12:21_2023.npz
close_drawer,novel_scene,Ziheng-close_drawer-1-0-0.75-0.5-18-Tue_Jan_31_17:01:18_2023.npz
close_drawer,novel_scene,Steven-close_drawer-5-0-0.75-0.5-18-Tue_Jan_31_04:48:14_2023.npz
close_drawer,novel_scene,Ziheng-close_drawer-1-0-0.75-0.5-18-Tue_Jan_31_17:01:38_2023.npz
close_drawer,novel_scene,Ziheng-close_drawer-4-0-1.0-0.75-16-Wed_Feb__1_01:49:40_2023.npz
close_drawer,novel_scene,Steven-close_drawer-5-0-0.5-0.0-18-Tue_Jan_31_04:43:27_2023.npz
close_drawer,novel_state,Ziheng-close_drawer-1-0-0.5-0.25-7-Tue_Jan_31_17:15:28_2023.npz
close_drawer,novel_state,Ziheng-close_drawer-1-0-0.75-0.25-7-Tue_Jan_31_17:19:28_2023.npz
close_drawer,novel_state,Ziheng-close_drawer-0-0-0.75-0.25-6-Tue_Jan_31_08:46:40_2023.npz
close_drawer,novel_state,Ziheng-close_drawer-7-0-1.0-0.25-3-Thu_Feb__2_01:57:37_2023.npz
close_drawer,novel_state,Steven-close_drawer-1-0-0.75-0.25-14-Tue_Jan_31_03:51:38_2023.npz
close_drawer,novel_state,Ziheng-close_drawer-6-0-0.75-0.25-4-Wed_Feb__1_20:07:44_2023.npz
close_drawer,novel_state,Ziheng-close_drawer-4-0-0.5-0.25-4-Wed_Feb__1_08:35:15_2023.npz
close_drawer,novel_state,Ziheng-close_drawer-4-0-0.5-0.25-3-Wed_Feb__1_03:19:02_2023.npz
close_drawer,novel_state,Ziheng-close_drawer-4-0-1.0-0.25-3-Wed_Feb__1_03:44:17_2023.npz
close_drawer,novel_state,Ziheng-close_drawer-7-0-0.5-0.25-13-Thu_Feb__2_00:44:03_2023.npz
close_drawer,novel_state,Ziheng-close_drawer-3-0-0.5-0.25-11-Tue_Jan_31_23:43:41_2023.npz
close_drawer,novel_state,Ziheng-close_drawer-6-0-0.75-0.25-4-Wed_Feb__1_20:06:57_2023.npz
close_drawer,novel_state,Ziheng-close_drawer-6-0-0.75-0.25-8-Wed_Feb__1_14:36:24_2023.npz
close_drawer,novel_state,Ziheng-close_drawer-5-0-0.75-0.25-2-Wed_Feb__1_13:20:35_2023.npz
close_drawer,novel_state,Ziheng-close_drawer-4-0-1.0-0.25-0-Wed_Feb__1_07:32:31_2023.npz
close_drawer,novel_state,Ziheng-close_drawer-2-0-0.75-0.25-12-Tue_Jan_31_21:21:30_2023.npz
close_drawer,novel_state,Ziheng-close_drawer-4-0-1.0-0.25-0-Wed_Feb__1_07:32:01_2023.npz
close_drawer,novel_state,Ziheng-close_drawer-5-0-0.75-0.25-2-Wed_Feb__1_13:21:18_2023.npz
close_drawer,novel_state,Steven-close_drawer-1-0-0.75-0.25-14-Tue_Jan_31_03:51:45_2023.npz
close_drawer,novel_state,Ziheng-close_drawer-5-0-0.5-0.25-3-Wed_Feb__1_12:32:57_2023.npz
close_drawer,test,Ziheng-close_drawer-7-0-1.0-0.0-3-Thu_Feb__2_01:51:43_2023.npz
close_drawer,test,Ziheng-close_drawer-1-0-1.0-0.5-15-Tue_Jan_31_16:47:09_2023.npz
close_drawer,test,Ziheng-close_drawer-4-0-1.0-0.75-3-Wed_Feb__1_03:49:27_2023.npz
close_drawer,test,Ziheng-close_drawer-7-0-0.75-0.5-6-Thu_Feb__2_00:07:54_2023.npz
close_drawer,test,Ziheng-close_drawer-6-0-0.25-0.0-6-Wed_Feb__1_18:00:40_2023.npz
close_drawer,test,Ziheng-close_drawer-7-0-0.75-0.5-6-Thu_Feb__2_00:06:47_2023.npz
close_drawer,test,Ziheng-close_drawer-6-0-1.0-0.75-7-Wed_Feb__1_17:44:36_2023.npz
close_drawer,test,Ziheng-close_drawer-2-0-0.5-0.0-0-Tue_Jan_31_18:52:22_2023.npz
close_drawer,test,Ziheng-close_drawer-3-0-1.0-0.5-5-Tue_Jan_31_22:53:50_2023.npz
close_drawer,test,Ziheng-close_drawer-0-0-1.0-0.0-6-Tue_Jan_31_09:10:02_2023.npz
close_drawer,test,Ziheng-close_drawer-7-0-1.0-0.75-6-Thu_Feb__2_00:28:07_2023.npz
close_drawer,test,Ziheng-close_drawer-6-0-1.0-0.75-6-Wed_Feb__1_18:41:48_2023.npz
close_drawer,test,Ziheng-close_drawer-4-0-1.0-0.5-10-Wed_Feb__1_00:46:40_2023.npz
close_drawer,test,Ziheng-close_drawer-7-0-1.0-0.5-10-Wed_Feb__1_23:32:49_2023.npz
close_drawer,test,Steven-close_drawer-1-0-1.0-0.75-14-Tue_Jan_31_03:55:01_2023.npz
close_drawer,test,Ziheng-close_drawer-7-0-0.25-0.0-6-Wed_Feb__1_23:40:13_2023.npz
close_drawer,test,Ziheng-close_drawer-2-0-0.25-0.0-12-Tue_Jan_31_20:58:29_2023.npz
close_drawer,test,Ziheng-close_drawer-3-0-1.0-0.75-11-Wed_Feb__1_00:11:11_2023.npz
close_drawer,test,Ziheng-close_drawer-1-0-1.0-0.0-5-Tue_Jan_31_18:37:15_2023.npz
close_drawer,test,Ziheng-close_drawer-6-0-0.5-0.0-4-Wed_Feb__1_19:56:15_2023.npz
open_drawer,any_state,Steven-open_drawer-7-0-0.0-0.97-12-Mon_Jan_30_08:07:07_2023.npz
open_drawer,any_state,Steven-open_drawer-7-0-0.25-0.84-4-Mon_Jan_30_08:15:19_2023.npz
open_drawer,any_state,Ziheng-open_drawer-4-1-0.75-0.9-13-Mon_Jan_30_12:13:23_2023.npz
open_drawer,any_state,Steven-open_drawer-1-0-0.5-0.68-15-Mon_Jan_30_06:45:54_2023.npz
open_drawer,any_state,Ziheng-open_drawer-1-0-0.25-0.94-0-Mon_Jan_30_09:50:21_2023.npz
open_drawer,any_state,Ziheng-open_drawer-1-0-0.0-0.54-5-Mon_Jan_30_10:21:15_2023.npz
open_drawer,any_state,Ziheng-open_drawer-4-0-0.75-0.99-15-Mon_Jan_30_11:46:49_2023.npz
open_drawer,any_state,Steven-open_drawer-6-0-0.75-0.89-5-Mon_Jan_30_07:56:40_2023.npz
open_drawer,any_state,Steven-open_drawer-2-0-0.75-0.99-11-Mon_Jan_30_07:00:31_2023.npz
open_drawer,any_state,Steven-open_drawer-7-0-0.0-0.33-12-Mon_Jan_30_08:05:50_2023.npz
open_drawer,any_state,Steven-open_drawer-7-0-0.5-0.63-11-Mon_Jan_30_08:33:28_2023.npz
open_drawer,any_state,Ziheng-open_drawer-1-0-0.75-1.0-5-Mon_Jan_30_10:25:23_2023.npz
open_drawer,any_state,Steven-open_drawer-2-0-0.75-0.95-3-Mon_Jan_30_06:56:50_2023.npz
open_drawer,any_state,Ziheng-open_drawer-1-0-0.5-0.96-0-Mon_Jan_30_09:54:28_2023.npz
open_drawer,any_state,Steven-open_drawer-3-0-0.5-0.89-15-Mon_Jan_30_07:35:04_2023.npz
open_drawer,any_state,Ziheng-open_drawer-0-1-0.0-0.56-11-Mon_Jan_30_09:34:50_2023.npz
open_drawer,any_state,Steven-open_drawer-7-0-0.25-0.6-10-Mon_Jan_30_08:27:39_2023.npz
open_drawer,any_state,Steven-open_drawer-1-0-0.25-0.95-3-Mon_Jan_30_06:34:17_2023.npz
open_drawer,any_state,Steven-open_drawer-7-0-0.5-0.95-10-Mon_Jan_30_08:28:43_2023.npz
open_drawer,any_state,Ziheng-open_drawer-4-1-0.0-0.89-5-Mon_Jan_30_11:56:28_2023.npz
open_drawer,novel_object,Ziheng-open_drawer-9-0-0.25-0.5-1-Mon_Jan_30_15:30:01_2023.npz
open_drawer,novel_object,Ziheng-open_drawer-8-0-0.25-1.0-9-Mon_Jan_30_14:26:31_2023.npz
open_drawer,novel_object,Steven-open_drawer-8-0-0.0-1.0-3-Mon_Jan_30_08:46:15_2023.npz
open_drawer,novel_object,Steven-open_drawer-8-0-0.25-1.0-3-Mon_Jan_30_08:47:34_2023.npz
open_drawer,novel_object,Steven-open_drawer-9-0-0.5-1.0-15-Mon_Jan_30_08:57:26_2023.npz
open_drawer,novel_object,Steven-open_drawer-9-0-0.0-0.25-15-Mon_Jan_30_08:53:52_2023.npz
open_drawer,novel_object,Ziheng-open_drawer-8-0-0.0-1.0-9-Mon_Jan_30_14:23:57_2023.npz
open_drawer,novel_object,Steven-open_drawer-8-0-0.5-1.0-15-Mon_Jan_30_08:53:06_2023.npz
open_drawer,novel_object,Ziheng-open_drawer-9-0-0.0-0.25-1-Mon_Jan_30_15:21:01_2023.npz
open_drawer,novel_object,Steven-open_drawer-8-0-0.0-0.25-3-Mon_Jan_30_08:44:44_2023.npz
open_drawer,novel_object,Ziheng-open_drawer-8-0-0.0-1.0-9-Mon_Jan_30_14:23:01_2023.npz
open_drawer,novel_object,Ziheng-open_drawer-9-0-0.25-0.5-1-Mon_Jan_30_15:29:27_2023.npz
open_drawer,novel_object,Steven-open_drawer-9-0-0.0-0.5-15-Mon_Jan_30_08:54:11_2023.npz
open_drawer,novel_object,Ziheng-open_drawer-9-0-0.0-0.5-1-Mon_Jan_30_15:23:13_2023.npz
open_drawer,novel_object,Ziheng-open_drawer-9-0-0.0-0.5-4-Mon_Jan_30_14:47:12_2023.npz
open_drawer,novel_object,Ziheng-open_drawer-8-0-0.0-0.5-9-Mon_Jan_30_14:20:18_2023.npz
open_drawer,novel_object,Ziheng-open_drawer-9-0-0.0-0.25-9-Mon_Jan_30_15:39:01_2023.npz
open_drawer,novel_object,Steven-open_drawer-8-0-0.0-0.25-15-Mon_Jan_30_08:49:31_2023.npz
open_drawer,novel_object,Steven-open_drawer-8-0-0.25-1.0-3-Mon_Jan_30_08:47:15_2023.npz
open_drawer,novel_object,Ziheng-open_drawer-8-0-0.25-1.0-9-Mon_Jan_30_14:27:21_2023.npz
open_drawer,novel_scene,Steven-open_drawer-1-0-0.5-1.0-17-Mon_Jan_30_06:51:21_2023.npz
open_drawer,novel_scene,Steven-open_drawer-6-0-0.0-0.25-16-Mon_Jan_30_07:56:59_2023.npz
open_drawer,novel_scene,Ziheng-open_drawer-0-0-0.0-0.25-16-Mon_Jan_30_09:03:33_2023.npz
open_drawer,novel_scene,Ziheng-open_drawer-0-0-0.25-0.5-17-Mon_Jan_30_09:28:52_2023.npz
open_drawer,novel_scene,Steven-open_drawer-0-0-0.0-0.25-18-Mon_Jan_30_05:51:02_2023.npz
open_drawer,novel_scene,Ziheng-open_drawer-3-0-0.0-0.5-16-Mon_Jan_30_11:06:30_2023.npz
open_drawer,novel_scene,Ziheng-open_drawer-7-0-0.5-1.0-18-Mon_Jan_30_13:42:45_2023.npz
open_drawer,novel_scene,Ziheng-open_drawer-3-0-0.0-1.0-16-Mon_Jan_30_11:07:55_2023.npz
open_drawer,novel_scene,Ziheng-open_drawer-7-0-0.0-0.5-16-Mon_Jan_30_13:44:24_2023.npz
open_drawer,novel_scene,Ziheng-open_drawer-1-0-0.25-0.5-18-Mon_Jan_30_09:59:11_2023.npz
open_drawer,novel_scene,Ziheng-open_drawer-1-0-0.0-1.0-18-Mon_Jan_30_09:58:02_2023.npz
open_drawer,novel_scene,Ziheng-open_drawer-7-0-0.25-1.0-16-Mon_Jan_30_13:48:33_2023.npz
open_drawer,novel_scene,Ziheng-open_drawer-7-0-0.0-0.25-16-Mon_Jan_30_13:43:54_2023.npz
open_drawer,novel_scene,Steven-open_drawer-1-0-0.5-1.0-17-Mon_Jan_30_06:51:40_2023.npz
open_drawer,novel_scene,Steven-open_drawer-1-0-0.25-1.0-17-Mon_Jan_30_06:50:09_2023.npz
open_drawer,novel_scene,Ziheng-open_drawer-3-0-0.25-1.0-16-Mon_Jan_30_11:10:18_2023.npz
open_drawer,novel_scene,Ziheng-open_drawer-7-0-0.0-0.5-16-Mon_Jan_30_13:44:38_2023.npz
open_drawer,novel_scene,Ziheng-open_drawer-1-0-0.5-1.0-18-Mon_Jan_30_10:01:02_2023.npz
open_drawer,novel_scene,Ziheng-open_drawer-7-0-0.25-0.5-16-Mon_Jan_30_13:46:57_2023.npz
open_drawer,novel_scene,Steven-open_drawer-1-0-0.0-1.0-17-Mon_Jan_30_06:48:08_2023.npz
open_drawer,novel_state,Steven-open_drawer-7-0-0.25-0.75-4-Mon_Jan_30_08:13:57_2023.npz
open_drawer,novel_state,Steven-open_drawer-6-0-0.5-0.75-5-Mon_Jan_30_07:55:32_2023.npz
open_drawer,novel_state,Ziheng-open_drawer-1-0-0.25-0.75-0-Mon_Jan_30_09:50:33_2023.npz
open_drawer,novel_state,Ziheng-open_drawer-4-1-0.25-0.75-13-Mon_Jan_30_12:10:22_2023.npz
open_drawer,novel_state,Ziheng-open_drawer-4-0-0.0-0.75-15-Mon_Jan_30_11:40:52_2023.npz
open_drawer,novel_state,Steven-open_drawer-3-0-0.0-0.75-15-Mon_Jan_30_07:32:06_2023.npz
open_drawer,novel_state,Ziheng-open_drawer-7-0-0.5-0.75-5-Mon_Jan_30_13:57:01_2023.npz
open_drawer,novel_state,Ziheng-open_drawer-1-0-0.5-0.75-11-Mon_Jan_30_10:16:03_2023.npz
open_drawer,novel_state,Steven-open_drawer-2-0-0.5-0.75-11-Mon_Jan_30_06:59:55_2023.npz
open_drawer,novel_state,Ziheng-open_drawer-7-1-0.5-0.75-0-Mon_Jan_30_14:16:01_2023.npz
open_drawer,novel_state,Steven-open_drawer-0-0-0.5-0.75-2-Mon_Jan_30_06:09:20_2023.npz
open_drawer,novel_state,Ziheng-open_drawer-4-1-0.0-0.75-13-Mon_Jan_30_12:06:41_2023.npz
open_drawer,novel_state,Ziheng-open_drawer-1-0-0.0-0.75-11-Mon_Jan_30_10:13:09_2023.npz
open_drawer,novel_state,Steven-open_drawer-5-0-0.5-0.75-7-Mon_Jan_30_07:49:30_2023.npz
open_drawer,novel_state,Steven-open_drawer-2-0-0.5-0.75-3-Mon_Jan_30_06:55:53_2023.npz
open_drawer,novel_state,Steven-open_drawer-7-0-0.0-0.75-10-Mon_Jan_30_08:25:38_2023.npz
open_drawer,novel_state,Ziheng-open_drawer-1-0-0.25-0.75-0-Mon_Jan_30_09:51:06_2023.npz
open_drawer,novel_state,Steven-open_drawer-7-0-0.25-0.75-10-Mon_Jan_30_08:27:21_2023.npz
open_drawer,novel_state,Steven-open_drawer-1-0-0.0-0.75-9-Mon_Jan_30_06:38:39_2023.npz
open_drawer,novel_state,Ziheng-open_drawer-1-0-0.5-0.75-0-Mon_Jan_30_09:52:25_2023.npz
open_drawer,test,Ziheng-open_drawer-4-0-0.75-1.0-15-Mon_Jan_30_11:46:49_2023.npz
open_drawer,test,Ziheng-open_drawer-4-0-0.5-1.0-15-Mon_Jan_30_11:46:38_2023.npz
open_drawer,test,Steven-open_drawer-2-0-0.25-0.5-11-Mon_Jan_30_06:58:29_2023.npz
open_drawer,test,Steven-open_drawer-5-0-0.25-0.5-7-Mon_Jan_30_07:48:04_2023.npz
open_drawer,test,Steven-open_drawer-1-0-0.25-0.5-15-Mon_Jan_30_06:43:58_2023.npz
open_drawer,test,Steven-open_drawer-5-0-0.25-0.5-7-Mon_Jan_30_07:47:57_2023.npz
open_drawer,test,Steven-open_drawer-7-0-0.5-1.0-10-Mon_Jan_30_08:28:43_2023.npz
open_drawer,test,Ziheng-open_drawer-2-0-0.25-1.0-3-Mon_Jan_30_10:37:16_2023.npz
open_drawer,test,Steven-open_drawer-1-0-0.0-0.25-9-Mon_Jan_30_06:37:27_2023.npz
open_drawer,test,Steven-open_drawer-7-0-0.25-1.0-14-Mon_Jan_30_08:22:52_2023.npz
open_drawer,test,Steven-open_drawer-7-0-0.75-1.0-14-Mon_Jan_30_08:24:15_2023.npz
open_drawer,test,Ziheng-open_drawer-6-1-0.0-0.25-5-Mon_Jan_30_13:05:23_2023.npz
open_drawer,test,Ziheng-open_drawer-1-0-0.0-1.0-5-Mon_Jan_30_10:20:59_2023.npz
open_drawer,test,Steven-open_drawer-6-0-0.0-0.25-5-Mon_Jan_30_07:51:32_2023.npz
open_drawer,test,Steven-open_drawer-2-0-0.75-1.0-3-Mon_Jan_30_06:56:50_2023.npz
open_drawer,test,Steven-open_drawer-0-0-0.25-0.5-2-Mon_Jan_30_06:08:18_2023.npz
open_drawer,test,Ziheng-open_drawer-7-1-0.0-1.0-0-Mon_Jan_30_14:08:47_2023.npz
open_drawer,test,Ziheng-open_drawer-4-0-0.0-1.0-15-Mon_Jan_30_11:42:48_2023.npz
open_drawer,test,Ziheng-open_drawer-7-1-0.25-1.0-0-Mon_Jan_30_14:14:38_2023.npz
open_drawer,test,Ziheng-open_drawer-7-0-0.25-0.5-5-Mon_Jan_30_13:54:34_2023.npz
pickup_object,novel_object,AWS-pickup_object-8-0--1-20-1-Fri_Jan_27_00:43:52_2023.npz
pickup_object,novel_object,AWS-pickup_object-9-0--1-30-0-Fri_Jan_27_01:22:30_2023.npz
pickup_object,novel_object,AWS-pickup_object-9-0--1-10-2-Fri_Jan_27_01:18:11_2023.npz
pickup_object,novel_object,AWS-pickup_object-8-0--1-30-9-Fri_Jan_27_01:01:26_2023.npz
pickup_object,novel_object,AWS-pickup_object-8-0--1-20-3-Fri_Jan_27_01:06:47_2023.npz
pickup_object,novel_object,AWS-pickup_object-9-0--1-20-2-Fri_Jan_27_01:18:47_2023.npz
pickup_object,novel_object,AWS-pickup_object-8-0--1-20-3-Fri_Jan_27_01:06:20_2023.npz
pickup_object,novel_object,AWS-pickup_object-8-0--1-30-2-Fri_Jan_27_00:52:38_2023.npz
pickup_object,novel_object,AWS-pickup_object-9-0--1-10-14-Fri_Jan_27_01:46:38_2023.npz
pickup_object,novel_object,AWS-pickup_object-8-0--1-10-10-Fri_Jan_27_00:54:07_2023.npz
pickup_object,novel_object,AWS-pickup_object-9-0--1-10-2-Fri_Jan_27_01:17:35_2023.npz
pickup_object,novel_object,AWS-pickup_object-9-0--1-20-7-Fri_Jan_27_01:51:04_2023.npz
pickup_object,novel_object,AWS-pickup_object-9-0--1-20-6-Fri_Jan_27_01:30:35_2023.npz
pickup_object,novel_object,AWS-pickup_object-8-0--1-20-3-Fri_Jan_27_01:06:11_2023.npz
pickup_object,novel_object,AWS-pickup_object-8-0--1-30-1-Fri_Jan_27_00:44:16_2023.npz
pickup_object,novel_object,AWS-pickup_object-8-0--1-10-9-Fri_Jan_27_00:59:57_2023.npz
pickup_object,novel_object,AWS-pickup_object-9-0--1-20-0-Fri_Jan_27_01:21:23_2023.npz
pickup_object,novel_object,AWS-pickup_object-8-0--1-20-2-Fri_Jan_27_00:52:21_2023.npz
pickup_object,novel_object,AWS-pickup_object-9-0--1-30-14-Fri_Jan_27_01:48:36_2023.npz
pickup_object,novel_object,AWS-pickup_object-9-0--1-20-8-Fri_Jan_27_01:43:09_2023.npz
pickup_object,novel_scene,AWS-pickup_object-4-0--1-20-16-Thu_Jan_26_22:55:08_2023.npz
pickup_object,novel_scene,AWS-pickup_object-2-0--1-20-19-Thu_Jan_26_22:16:58_2023.npz
pickup_object,novel_scene,AWS-pickup_object-0-0--1-20-17-Thu_Jan_26_21:50:11_2023.npz
pickup_object,novel_scene,AWS-pickup_object-7-0--1-30-16-Fri_Jan_27_00:27:01_2023.npz
pickup_object,novel_scene,AWS-pickup_object-2-0--1-30-17-Thu_Jan_26_22:24:33_2023.npz
pickup_object,novel_scene,AWS-pickup_object-6-0--1-20-19-Thu_Jan_26_23:36:04_2023.npz
pickup_object,novel_scene,AWS-pickup_object-6-0--1-30-16-Thu_Jan_26_23:19:54_2023.npz
pickup_object,novel_scene,AWS-pickup_object-5-0--1-30-16-Thu_Jan_26_23:15:42_2023.npz
pickup_object,novel_scene,AWS-pickup_object-4-0--1-10-16-Thu_Jan_26_22:55:02_2023.npz
pickup_object,novel_scene,AWS-pickup_object-2-0--1-10-17-Thu_Jan_26_22:23:43_2023.npz
pickup_object,novel_scene,AWS-pickup_object-3-0--1-30-17-Thu_Jan_26_22:42:02_2023.npz
pickup_object,novel_scene,AWS-pickup_object-7-0--1-10-18-Thu_Jan_26_23:56:32_2023.npz
pickup_object,novel_scene,AWS-pickup_object-0-0--1-30-17-Thu_Jan_26_21:50:26_2023.npz
pickup_object,novel_scene,AWS-pickup_object-4-0--1-20-16-Thu_Jan_26_22:55:20_2023.npz
pickup_object,novel_scene,AWS-pickup_object-5-0--1-20-16-Thu_Jan_26_23:15:07_2023.npz
pickup_object,novel_scene,AWS-pickup_object-3-0--1-10-18-Thu_Jan_26_22:42:49_2023.npz
pickup_object,novel_scene,AWS-pickup_object-6-0--1-10-16-Thu_Jan_26_23:19:10_2023.npz
pickup_object,novel_scene,AWS-pickup_object-3-0--1-30-18-Thu_Jan_26_22:43:45_2023.npz
pickup_object,novel_scene,AWS-pickup_object-5-0--1-30-16-Thu_Jan_26_23:15:35_2023.npz
pickup_object,novel_scene,AWS-pickup_object-1-0--1-10-18-Thu_Jan_26_22:03:43_2023.npz
pickup_object,novel_state,AWS-pickup_object-2-0--1-40-5-Thu_Jan_26_22:26:51_2023.npz
pickup_object,novel_state,AWS-pickup_object-0-0--1-40-12-Thu_Jan_26_21:47:52_2023.npz
pickup_object,novel_state,AWS-pickup_object-1-0--1-40-13-Thu_Jan_26_22:03:25_2023.npz
pickup_object,novel_state,AWS-pickup_object-3-0--1-40-1-Thu_Jan_26_22:40:25_2023.npz
pickup_object,novel_state,AWS-pickup_object-7-0--1-40-3-Fri_Jan_27_00:01:15_2023.npz
pickup_object,novel_state,AWS-pickup_object-2-0--1-40-12-Thu_Jan_26_22:20:03_2023.npz
pickup_object,novel_state,AWS-pickup_object-3-0--1-40-6-Thu_Jan_26_22:35:06_2023.npz
pickup_object,novel_state,AWS-pickup_object-0-0--1-40-11-Thu_Jan_26_21:38:42_2023.npz
pickup_object,novel_state,AWS-pickup_object-3-0--1-40-10-Thu_Jan_26_22:30:33_2023.npz
pickup_object,novel_state,AWS-pickup_object-4-0--1-40-9-Thu_Jan_26_22:52:55_2023.npz
pickup_object,novel_state,AWS-pickup_object-6-0--1-40-1-Thu_Jan_26_23:23:55_2023.npz
pickup_object,novel_state,AWS-pickup_object-0-0--1-40-5-Thu_Jan_26_21:41:37_2023.npz
pickup_object,novel_state,AWS-pickup_object-7-0--1-40-5-Fri_Jan_27_00:38:51_2023.npz
pickup_object,novel_state,AWS-pickup_object-0-0--1-40-9-Thu_Jan_26_21:49:14_2023.npz
pickup_object,novel_state,AWS-pickup_object-0-0--1-40-11-Thu_Jan_26_21:38:28_2023.npz
pickup_object,novel_state,AWS-pickup_object-0-0--1-40-8-Thu_Jan_26_21:44:51_2023.npz
pickup_object,novel_state,AWS-pickup_object-7-0--1-40-3-Fri_Jan_27_00:01:24_2023.npz
pickup_object,novel_state,AWS-pickup_object-7-0--1-40-10-Fri_Jan_27_00:03:56_2023.npz
pickup_object,novel_state,AWS-pickup_object-3-0--1-40-3-Thu_Jan_26_22:32:38_2023.npz
pickup_object,novel_state,AWS-pickup_object-6-0--1-40-13-Thu_Jan_26_23:18:28_2023.npz
pickup_object,test,AWS-pickup_object-1-0--1-30-6-Thu_Jan_26_22:01:16_2023.npz
pickup_object,test,AWS-pickup_object-7-0--1-10-13-Fri_Jan_27_00:19:01_2023.npz
pickup_object,test,AWS-pickup_object-7-0--1-10-10-Fri_Jan_27_00:02:16_2023.npz
pickup_object,test,AWS-pickup_object-3-0--1-30-2-Thu_Jan_26_22:45:17_2023.npz
pickup_object,test,AWS-pickup_object-4-0--1-10-15-Thu_Jan_26_22:53:04_2023.npz
pickup_object,test,AWS-pickup_object-6-0--1-20-13-Thu_Jan_26_23:17:32_2023.npz
pickup_object,test,AWS-pickup_object-1-0--1-30-6-Thu_Jan_26_22:01:28_2023.npz
pickup_object,test,AWS-pickup_object-3-0--1-10-1-Thu_Jan_26_22:39:18_2023.npz
pickup_object,test,AWS-pickup_object-2-0--1-10-0-Thu_Jan_26_22:21:54_2023.npz
pickup_object,test,AWS-pickup_object-3-0--1-10-2-Thu_Jan_26_22:44:24_2023.npz
pickup_object,test,AWS-pickup_object-4-0--1-20-15-Thu_Jan_26_22:53:27_2023.npz
pickup_object,test,AWS-pickup_object-3-0--1-10-10-Thu_Jan_26_22:29:10_2023.npz
pickup_object,test,AWS-pickup_object-5-0--1-10-12-Thu_Jan_26_23:05:22_2023.npz
pickup_object,test,AWS-pickup_object-1-0--1-20-6-Thu_Jan_26_22:00:59_2023.npz
pickup_object,test,AWS-pickup_object-4-0--1-20-10-Thu_Jan_26_23:00:34_2023.npz
pickup_object,test,AWS-pickup_object-0-0--1-10-5-Thu_Jan_26_21:40:28_2023.npz
pickup_object,test,AWS-pickup_object-0-0--1-30-0-Thu_Jan_26_21:45:50_2023.npz
pickup_object,test,AWS-pickup_object-7-0--1-30-3-Fri_Jan_27_00:00:21_2023.npz
pickup_object,test,AWS-pickup_object-0-0--1-30-9-Thu_Jan_26_21:48:57_2023.npz
pickup_object,test,AWS-pickup_object-2-0--1-30-6-Thu_Jan_26_22:08:05_2023.npz
pickup_object,any_state,AWS-pickup_object-2-0--1-34-6-Thu_Jan_26_22:07:02_2023.npz
pickup_object,any_state,AWS-pickup_object-2-0--1-7-5-Thu_Jan_26_22:26:08_2023.npz
pickup_object,any_state,AWS-pickup_object-0-0--1-31-2-Thu_Jan_26_21:54:24_2023.npz
pickup_object,any_state,AWS-pickup_object-1-0--1-28-6-Thu_Jan_26_22:01:04_2023.npz
pickup_object,any_state,AWS-pickup_object-0-0--1-33-2-Thu_Jan_26_21:51:14_2023.npz
pickup_object,any_state,AWS-pickup_object-0-0--1-26-12-Thu_Jan_26_21:47:19_2023.npz
pickup_object,any_state,AWS-pickup_object-4-0--1-21-2-Thu_Jan_26_22:57:26_2023.npz
pickup_object,any_state,AWS-pickup_object-3-0--1-35-10-Thu_Jan_26_22:29:10_2023.npz
pickup_object,any_state,AWS-pickup_object-5-0--1-34-0-Thu_Jan_26_23:12:21_2023.npz
pickup_object,any_state,AWS-pickup_object-1-0--1-28-6-Thu_Jan_26_22:01:28_2023.npz
pickup_object,any_state,AWS-pickup_object-5-0--1-32-10-Thu_Jan_26_23:10:45_2023.npz
pickup_object,any_state,AWS-pickup_object-3-0--1-10-0-Thu_Jan_26_22:27:26_2023.npz
pickup_object,any_state,AWS-pickup_object-5-0--1-24-12-Thu_Jan_26_23:05:22_2023.npz
pickup_object,any_state,AWS-pickup_object-7-0--1-9-10-Fri_Jan_27_00:02:00_2023.npz
pickup_object,any_state,AWS-pickup_object-7-0--1-26-14-Fri_Jan_27_00:23:03_2023.npz
pickup_object,any_state,AWS-pickup_object-3-0--1-34-2-Thu_Jan_26_22:45:22_2023.npz
pickup_object,any_state,AWS-pickup_object-7-0--1-40-10-Fri_Jan_27_00:02:24_2023.npz
pickup_object,any_state,AWS-pickup_object-0-0--1-23-0-Thu_Jan_26_21:45:50_2023.npz
pickup_object,any_state,AWS-pickup_object-0-0--1-19-9-Thu_Jan_26_21:48:19_2023.npz
pickup_object,any_state,AWS-pickup_object-7-0--1-38-4-Fri_Jan_27_00:05:02_2023.npz
reorient_object,novel_object,"AWS-reorient_object-9-0-1-(-1,_180)-0-2-0-1-Sun_Nov__6_03:10:30_2022.npz"
reorient_object,novel_object,"AWS-reorient_object-8-0-9-(-1,_45)-0-1-0-0-Sun_Nov__6_02:14:52_2022.npz"
reorient_object,novel_object,"AWS-reorient_object-9-0-5-(-1,_0)-0-1-1-2-Sun_Nov__6_03:15:41_2022.npz"
reorient_object,novel_object,"AWS-reorient_object-9-0-1-(-1,_0)-0-2-0-1-Sun_Nov__6_02:54:05_2022.npz"
reorient_object,novel_object,"AWS-reorient_object-9-0-15-(-1,_0)-0-0-0-0-Sun_Nov__6_02:43:31_2022.npz"
reorient_object,novel_object,"AWS-reorient_object-8-0-5-(-1,_180)-0-1-1-2-Sun_Nov__6_02:09:52_2022.npz"
reorient_object,novel_object,"AWS-reorient_object-9-0-5-(-1,_180)-0-1-1-2-Sun_Nov__6_03:23:15_2022.npz"
reorient_object,novel_object,"AWS-reorient_object-8-0-4-(-1,_180)-0-1-1-2-Sun_Nov__6_01:59:56_2022.npz"
reorient_object,novel_object,"AWS-reorient_object-9-0-9-(-1,_45)-0-0-0-3-Sun_Nov__6_05:50:28_2022.npz"
reorient_object,novel_object,"AWS-reorient_object-9-0-9-(-1,_45)-0-0-1-3-Sun_Nov__6_05:50:34_2022.npz"
reorient_object,novel_object,"AWS-reorient_object-8-0-12-(-1,_0)-0-0-1-0-Sun_Nov__6_02:34:04_2022.npz"
reorient_object,novel_object,"AWS-reorient_object-8-0-12-(-1,_0)-0-1-0-0-Sun_Nov__6_02:34:11_2022.npz"
reorient_object,novel_object,"AWS-reorient_object-9-0-15-(-1,_180)-0-0-1-2-Sun_Nov__6_02:51:02_2022.npz"
reorient_object,novel_object,"AWS-reorient_object-8-0-5-(-1,_0)-0-0-1-0-Sun_Nov__6_02:00:58_2022.npz"
reorient_object,novel_object,"AWS-reorient_object-8-0-9-(-1,_0)-0-0-1-0-Sun_Nov__6_02:10:44_2022.npz"
reorient_object,novel_object,"AWS-reorient_object-8-0-9-(-1,_180)-0-1-1-2-Sun_Nov__6_02:25:10_2022.npz"
reorient_object,novel_object,"AWS-reorient_object-8-0-4-(-1,_0)-0-0-1-0-Sun_Nov__6_01:50:17_2022.npz"
reorient_object,novel_object,"AWS-reorient_object-8-0-9-(-1,_0)-0-2-0-1-Sun_Nov__6_02:12:09_2022.npz"
reorient_object,novel_object,"AWS-reorient_object-9-0-9-(-1,_45)-0-1-1-3-Sun_Nov__6_05:50:50_2022.npz"
reorient_object,novel_object,"AWS-reorient_object-8-0-5-(-1,_45)-0-0-1-2-Sun_Nov__6_02:04:38_2022.npz"
reorient_object,novel_scene,"AWS-reorient_object-2-0-16-(-1,_0)-0-2-1-3-Sat_Nov__5_20:27:45_2022.npz"
reorient_object,novel_scene,"AWS-reorient_object-7-0-17-(-1,_45)-0-0-1-0-Sun_Nov__6_01:29:42_2022.npz"
reorient_object,novel_scene,"AWS-reorient_object-5-0-18-(-1,_0)-0-1-0-0-Sun_Nov__6_00:06:45_2022.npz"
reorient_object,novel_scene,"AWS-reorient_object-7-0-17-(-1,_45)-0-0-0-0-Sun_Nov__6_01:29:34_2022.npz"
reorient_object,novel_scene,"AWS-reorient_object-5-0-17-(-1,_45)-0-0-0-0-Sat_Nov__5_23:35:26_2022.npz"
reorient_object,novel_scene,"AWS-reorient_object-4-0-16-(-1,_45)-0-0-1-2-Sat_Nov__5_22:37:07_2022.npz"
reorient_object,novel_scene,"AWS-reorient_object-4-0-16-(-1,_45)-0-1-1-2-Sat_Nov__5_22:37:25_2022.npz"
reorient_object,novel_scene,"AWS-reorient_object-6-0-17-(-1,_180)-0-0-0-2-Sun_Nov__6_00:45:31_2022.npz"
reorient_object,novel_scene,"AWS-reorient_object-5-0-18-(-1,_45)-0-2-1-3-Sun_Nov__6_00:14:26_2022.npz"
reorient_object,novel_scene,"AWS-reorient_object-4-0-16-(-1,_45)-0-1-0-0-Sat_Nov__5_22:36:04_2022.npz"
reorient_object,novel_scene,"AWS-reorient_object-5-0-17-(-1,_0)-0-1-0-0-Sat_Nov__5_23:33:05_2022.npz"
reorient_object,novel_scene,"AWS-reorient_object-6-0-17-(-1,_45)-0-0-1-0-Sun_Nov__6_00:38:47_2022.npz"
reorient_object,novel_scene,"AWS-reorient_object-6-0-17-(-1,_180)-0-1-0-0-Sun_Nov__6_00:44:27_2022.npz"
reorient_object,novel_scene,"AWS-reorient_object-6-0-16-(-1,_0)-0-0-1-0-Sun_Nov__6_00:54:55_2022.npz"
reorient_object,novel_scene,"AWS-reorient_object-4-0-16-(-1,_180)-0-1-1-2-Sat_Nov__5_22:42:10_2022.npz"
reorient_object,novel_scene,"AWS-reorient_object-5-0-18-(-1,_45)-0-1-0-0-Sun_Nov__6_00:10:53_2022.npz"
reorient_object,novel_scene,"AWS-reorient_object-5-0-18-(-1,_180)-0-2-1-3-Sun_Nov__6_00:22:42_2022.npz"
reorient_object,novel_scene,"AWS-reorient_object-2-0-18-(-1,_180)-0-2-1-3-Sat_Nov__5_20:00:46_2022.npz"
reorient_object,novel_scene,"AWS-reorient_object-7-0-17-(-1,_180)-0-0-1-0-Sun_Nov__6_01:35:44_2022.npz"
reorient_object,novel_scene,"AWS-reorient_object-6-0-16-(-1,_45)-0-0-1-0-Sun_Nov__6_00:57:37_2022.npz"
reorient_object,novel_state,"AWS-reorient_object-3-0-6-(-1,_135)-0-1-0-0-Sat_Nov__5_21:33:58_2022.npz"
reorient_object,novel_state,"AWS-reorient_object-3-0-3-(-1,_135)-0-2-1-3-Sat_Nov__5_21:22:07_2022.npz"
reorient_object,novel_state,"AWS-reorient_object-3-0-11-(-1,_135)-0-2-0-1-Sat_Nov__5_20:40:21_2022.npz"
reorient_object,novel_state,"AWS-reorient_object-1-0-3-(-1,_135)-0-1-1-2-Sat_Nov__5_19:21:23_2022.npz"
reorient_object,novel_state,"AWS-reorient_object-0-0-0-(-1,_135)-0-2-0-1-Sat_Nov__5_17:41:29_2022.npz"
reorient_object,novel_state,"AWS-reorient_object-3-0-6-(-1,_135)-0-0-1-0-Sat_Nov__5_21:33:49_2022.npz"
reorient_object,novel_state,"AWS-reorient_object-7-0-1-(-1,_135)-0-0-1-0-Sun_Nov__6_01:00:46_2022.npz"
reorient_object,novel_state,"AWS-reorient_object-0-0-10-(-1,_135)-0-2-0-1-Sat_Nov__5_17:21:54_2022.npz"
reorient_object,novel_state,"AWS-reorient_object-0-0-15-(-1,_135)-0-1-0-0-Sat_Nov__5_17:14:32_2022.npz"
reorient_object,novel_state,"AWS-reorient_object-3-0-15-(-1,_135)-0-1-0-0-Sat_Nov__5_21:43:49_2022.npz"
reorient_object,novel_state,"AWS-reorient_object-1-0-4-(-1,_135)-0-1-1-2-Sat_Nov__5_18:56:15_2022.npz"
reorient_object,novel_state,"AWS-reorient_object-2-0-12-(-1,_135)-0-2-0-1-Sat_Nov__5_20:22:15_2022.npz"
reorient_object,novel_state,"AWS-reorient_object-1-0-13-(-1,_135)-0-0-1-0-Sat_Nov__5_18:41:48_2022.npz"
reorient_object,novel_state,"AWS-reorient_object-5-0-9-(-1,_135)-0-1-0-0-Sat_Nov__5_23:13:02_2022.npz"
reorient_object,novel_state,"AWS-reorient_object-2-0-9-(-1,_135)-0-1-0-3-Sat_Nov__5_20:10:36_2022.npz"
reorient_object,novel_state,"AWS-reorient_object-5-0-13-(-1,_135)-0-2-0-1-Sat_Nov__5_23:26:08_2022.npz"
reorient_object,novel_state,"AWS-reorient_object-1-0-2-(-1,_135)-0-0-0-2-Sat_Nov__5_19:07:00_2022.npz"
reorient_object,novel_state,"AWS-reorient_object-1-0-13-(-1,_135)-0-1-1-2-Sat_Nov__5_18:42:56_2022.npz"
reorient_object,novel_state,"AWS-reorient_object-2-0-10-(-1,_135)-0-0-1-0-Sat_Nov__5_19:37:11_2022.npz"
reorient_object,novel_state,"AWS-reorient_object-0-0-7-(-1,_135)-0-2-0-1-Sat_Nov__5_18:31:31_2022.npz"
reorient_object,test,"AWS-reorient_object-2-0-9-(-1,_180)-0-0-1-3-Sat_Nov__5_20:14:16_2022.npz"
reorient_object,test,"AWS-reorient_object-2-0-9-(-1,_0)-0-0-0-1-Sat_Nov__5_20:01:07_2022.npz"
reorient_object,test,"AWS-reorient_object-2-0-10-(-1,_180)-0-0-0-2-Sat_Nov__5_19:44:10_2022.npz"
reorient_object,test,"AWS-reorient_object-2-0-10-(-1,_45)-0-0-1-0-Sat_Nov__5_19:32:33_2022.npz"
reorient_object,test,"AWS-reorient_object-0-0-3-(-1,_180)-0-2-1-3-Sat_Nov__5_18:17:58_2022.npz"
reorient_object,test,"AWS-reorient_object-7-0-13-(-1,_45)-0-0-1-0-Sun_Nov__6_01:28:54_2022.npz"
reorient_object,test,"AWS-reorient_object-6-0-1-(-1,_45)-0-0-0-2-Sun_Nov__6_00:26:26_2022.npz"
reorient_object,test,"AWS-reorient_object-0-0-7-(-1,_45)-0-2-1-1-Sat_Nov__5_18:27:39_2022.npz"
reorient_object,test,"AWS-reorient_object-3-0-11-(-1,_45)-0-2-1-1-Sat_Nov__5_20:38:10_2022.npz"
reorient_object,test,"AWS-reorient_object-7-0-9-(-1,_45)-0-1-0-0-Sun_Nov__6_01:14:50_2022.npz"
reorient_object,test,"AWS-reorient_object-5-0-6-(-1,_45)-0-2-0-1-Sat_Nov__5_22:52:02_2022.npz"
reorient_object,test,"AWS-reorient_object-2-0-15-(-1,_45)-0-1-0-0-Sat_Nov__5_20:16:11_2022.npz"
reorient_object,test,"AWS-reorient_object-0-0-12-(-1,_180)-0-2-1-3-Sat_Nov__5_18:02:15_2022.npz"
reorient_object,test,"AWS-reorient_object-4-0-0-(-1,_45)-0-2-1-3-Sat_Nov__5_22:12:16_2022.npz"
reorient_object,test,"AWS-reorient_object-3-0-11-(-1,_45)-0-2-1-3-Sat_Nov__5_20:39:21_2022.npz"
reorient_object,test,"AWS-reorient_object-3-0-15-(-1,_45)-0-1-1-2-Sat_Nov__5_21:43:00_2022.npz"
reorient_object,test,"AWS-reorient_object-1-0-2-(-1,_45)-0-0-1-2-Sat_Nov__5_19:05:13_2022.npz"
reorient_object,test,"AWS-reorient_object-4-0-12-(-1,_180)-0-2-1-3-Sat_Nov__5_22:04:05_2022.npz"
reorient_object,test,"AWS-reorient_object-4-0-6-(-1,_180)-0-0-0-2-Sat_Nov__5_22:31:52_2022.npz"
reorient_object,test,"AWS-reorient_object-0-0-12-(-1,_0)-0-2-1-3-Sat_Nov__5_17:56:18_2022.npz"
reorient_object,any_state,"AWS-reorient_object-0-0-7-(-1,_6)-0-2-1-3-Sat_Nov__5_18:37:43_2022.npz"
reorient_object,any_state,"AWS-reorient_object-0-0-10-(-1,_65)-0-2-0-1-Sat_Nov__5_17:19:49_2022.npz"
reorient_object,any_state,"AWS-reorient_object-3-0-6-(-1,_174)-0-1-1-2-Sat_Nov__5_21:38:47_2022.npz"
reorient_object,any_state,"AWS-reorient_object-0-0-3-(-1,_124)-0-2-0-1-Sat_Nov__5_18:15:43_2022.npz"
reorient_object,any_state,"AWS-reorient_object-0-0-7-(-1,_32)-0-2-1-1-Sat_Nov__5_18:27:39_2022.npz"
reorient_object,any_state,"AWS-reorient_object-7-0-9-(-1,_4)-0-1-0-0-Sun_Nov__6_01:14:50_2022.npz"
reorient_object,any_state,"AWS-reorient_object-3-0-13-(-1,_0)-0-0-1-0-Sat_Nov__5_20:45:29_2022.npz"
reorient_object,any_state,"AWS-reorient_object-7-0-13-(-1,_18)-0-1-0-0-Sun_Nov__6_01:28:00_2022.npz"
reorient_object,any_state,"AWS-reorient_object-7-0-9-(-1,_63)-0-0-1-0-Sun_Nov__6_01:22:37_2022.npz"
reorient_object,any_state,"AWS-reorient_object-5-0-6-(-1,_16)-0-0-1-0-Sat_Nov__5_22:43:13_2022.npz"
reorient_object,any_state,"AWS-reorient_object-0-0-7-(-1,_135)-0-2-0-1-Sat_Nov__5_18:35:33_2022.npz"
reorient_object,any_state,"AWS-reorient_object-2-0-10-(-1,_178)-0-0-1-2-Sat_Nov__5_19:34:50_2022.npz"
reorient_object,any_state,"AWS-reorient_object-4-0-12-(-1,_64)-0-2-1-3-Sat_Nov__5_22:04:05_2022.npz"
reorient_object,any_state,"AWS-reorient_object-4-0-10-(-1,_147)-0-0-1-2-Sat_Nov__5_21:51:39_2022.npz"
reorient_object,any_state,"AWS-reorient_object-0-0-12-(-1,_149)-0-2-1-3-Sat_Nov__5_17:56:18_2022.npz"
reorient_object,any_state,"AWS-reorient_object-3-0-11-(-1,_57)-0-2-0-1-Sat_Nov__5_20:35:44_2022.npz"
reorient_object,any_state,"AWS-reorient_object-1-0-4-(-1,_7)-0-0-1-0-Sat_Nov__5_18:45:33_2022.npz"
reorient_object,any_state,"AWS-reorient_object-1-0-2-(-1,_17)-0-0-1-2-Sat_Nov__5_19:05:13_2022.npz"
reorient_object,any_state,"AWS-reorient_object-2-0-15-(-1,_19)-0-0-1-0-Sat_Nov__5_20:15:11_2022.npz"
reorient_object,any_state,"AWS-reorient_object-3-0-13-(-1,_161)-0-2-1-3-Sat_Nov__5_20:50:49_2022.npz"
pour_water,novel_object,AWS-pour_water-8-0-0-0-3-Wed_Feb__8_03:27:32_2023.npz
pour_water,novel_object,AWS-pour_water-8-0-0-0-5-Wed_Feb__8_03:52:54_2023.npz
pour_water,novel_object,AWS-pour_water-9-0-0-0-5-Wed_Feb__8_05:21:54_2023.npz
pour_water,novel_object,AWS-pour_water-8-0-0-50-15-Wed_Feb__8_03:05:02_2023.npz
pour_water,novel_object,AWS-pour_water-9-0-0-25-5-Wed_Feb__8_05:24:06_2023.npz
pour_water,novel_object,AWS-pour_water-9-0-0-25-4-Wed_Feb__8_04:44:27_2023.npz
pour_water,novel_object,AWS-pour_water-8-0-0-50-13-Wed_Feb__8_03:48:42_2023.npz
pour_water,novel_object,AWS-pour_water-8-1-0-25-10-Wed_Feb__8_04:09:29_2023.npz
pour_water,novel_object,AWS-pour_water-8-0-0-0-1-Wed_Feb__8_03:34:36_2023.npz
pour_water,novel_object,AWS-pour_water-9-0-0-50-9-Wed_Feb__8_05:05:19_2023.npz
pour_water,novel_object,AWS-pour_water-8-0-0-0-13-Wed_Feb__8_03:43:05_2023.npz
pour_water,novel_object,AWS-pour_water-9-0-0-25-3-Wed_Feb__8_04:33:00_2023.npz
pour_water,novel_object,AWS-pour_water-8-1-0-25-10-Wed_Feb__8_04:02:19_2023.npz
pour_water,novel_object,AWS-pour_water-9-0-0-50-4-Wed_Feb__8_04:45:51_2023.npz
pour_water,novel_object,AWS-pour_water-8-0-0-0-15-Wed_Feb__8_03:00:48_2023.npz
pour_water,novel_object,AWS-pour_water-9-0-0-0-9-Wed_Feb__8_05:01:45_2023.npz
pour_water,novel_object,AWS-pour_water-8-0-0-25-5-Wed_Feb__8_03:53:37_2023.npz
pour_water,novel_object,AWS-pour_water-9-0-0-0-9-Wed_Feb__8_05:01:00_2023.npz
pour_water,novel_object,AWS-pour_water-8-0-0-0-3-Wed_Feb__8_03:26:03_2023.npz
pour_water,novel_object,AWS-pour_water-8-1-0-0-10-Wed_Feb__8_04:01:34_2023.npz
pour_water,novel_scene,AWS-pour_water-0-0-0-50-16-Tue_Feb__7_04:57:50_2023.npz
pour_water,novel_scene,AWS-pour_water-5-0-0-0-17-Tue_Feb__7_21:36:51_2023.npz
pour_water,novel_scene,AWS-pour_water-3-0-0-25-18-Tue_Feb__7_15:38:28_2023.npz
pour_water,novel_scene,AWS-pour_water-3-1-0-25-16-Tue_Feb__7_18:16:42_2023.npz
pour_water,novel_scene,AWS-pour_water-4-0-0-0-19-Tue_Feb__7_18:46:42_2023.npz
pour_water,novel_scene,AWS-pour_water-5-0-0-0-17-Tue_Feb__7_21:35:16_2023.npz
pour_water,novel_scene,AWS-pour_water-5-0-0-0-17-Tue_Feb__7_21:36:04_2023.npz
pour_water,novel_scene,AWS-pour_water-0-0-0-25-16-Tue_Feb__7_04:56:22_2023.npz
pour_water,novel_scene,AWS-pour_water-4-0-0-50-17-Tue_Feb__7_19:31:22_2023.npz
pour_water,novel_scene,AWS-pour_water-0-0-0-25-16-Tue_Feb__7_04:55:39_2023.npz
pour_water,novel_scene,AWS-pour_water-6-0-0-25-17-Wed_Feb__8_00:07:54_2023.npz
pour_water,novel_scene,AWS-pour_water-1-0-0-0-19-Tue_Feb__7_05:34:40_2023.npz
pour_water,novel_scene,AWS-pour_water-3-1-0-0-17-Tue_Feb__7_16:55:46_2023.npz
pour_water,novel_scene,AWS-pour_water-6-0-0-25-17-Wed_Feb__8_00:09:25_2023.npz
pour_water,novel_scene,AWS-pour_water-1-0-0-0-19-Tue_Feb__7_05:39:26_2023.npz
pour_water,novel_scene,AWS-pour_water-4-0-0-0-17-Tue_Feb__7_19:26:22_2023.npz
pour_water,novel_scene,AWS-pour_water-0-0-0-50-16-Tue_Feb__7_04:57:05_2023.npz
pour_water,novel_scene,AWS-pour_water-5-0-0-50-17-Tue_Feb__7_21:39:43_2023.npz
pour_water,novel_scene,AWS-pour_water-3-0-0-50-18-Tue_Feb__7_15:41:14_2023.npz
pour_water,novel_scene,AWS-pour_water-7-0-0-50-18-Wed_Feb__8_02:37:45_2023.npz
pour_water,novel_state,AWS-pour_water-5-0-0-75-2-Tue_Feb__7_22:32:57_2023.npz
pour_water,novel_state,AWS-pour_water-4-1-0-75-8-Tue_Feb__7_19:54:13_2023.npz
pour_water,novel_state,AWS-pour_water-7-0-0-75-15-Wed_Feb__8_02:12:29_2023.npz
pour_water,novel_state,AWS-pour_water-5-0-0-75-10-Tue_Feb__7_21:58:54_2023.npz
pour_water,novel_state,AWS-pour_water-3-0-0-75-11-Tue_Feb__7_13:21:39_2023.npz
pour_water,novel_state,AWS-pour_water-5-0-0-75-8-Tue_Feb__7_22:41:35_2023.npz
pour_water,novel_state,AWS-pour_water-4-1-0-75-8-Tue_Feb__7_19:53:34_2023.npz
pour_water,novel_state,AWS-pour_water-5-0-0-75-0-Tue_Feb__7_21:50:50_2023.npz
pour_water,novel_state,AWS-pour_water-3-0-0-75-5-Tue_Feb__7_15:34:52_2023.npz
pour_water,novel_state,AWS-pour_water-3-1-0-75-4-Tue_Feb__7_18:13:37_2023.npz
pour_water,novel_state,AWS-pour_water-3-0-0-75-14-Tue_Feb__7_15:17:16_2023.npz
pour_water,novel_state,AWS-pour_water-6-0-0-75-14-Wed_Feb__8_01:05:44_2023.npz
pour_water,novel_state,AWS-pour_water-6-0-0-75-14-Wed_Feb__8_01:05:05_2023.npz
pour_water,novel_state,AWS-pour_water-7-0-0-75-15-Wed_Feb__8_02:11:49_2023.npz
pour_water,novel_state,AWS-pour_water-4-0-0-75-4-Tue_Feb__7_19:04:34_2023.npz
pour_water,novel_state,AWS-pour_water-3-0-0-75-12-Tue_Feb__7_14:13:52_2023.npz
pour_water,novel_state,AWS-pour_water-0-0-0-75-8-Tue_Feb__7_05:08:21_2023.npz
pour_water,novel_state,AWS-pour_water-0-0-0-75-10-Tue_Feb__7_04:42:20_2023.npz
pour_water,novel_state,AWS-pour_water-6-0-0-75-6-Wed_Feb__8_01:41:51_2023.npz
pour_water,novel_state,AWS-pour_water-2-0-0-75-6-Tue_Feb__7_12:36:02_2023.npz
pour_water,test,AWS-pour_water-6-0-0-0-7-Wed_Feb__8_01:16:47_2023.npz
pour_water,test,AWS-pour_water-3-0-0-0-3-Tue_Feb__7_15:44:43_2023.npz
pour_water,test,AWS-pour_water-3-0-0-0-13-Tue_Feb__7_14:40:28_2023.npz
pour_water,test,AWS-pour_water-5-0-0-50-8-Tue_Feb__7_22:40:18_2023.npz
pour_water,test,AWS-pour_water-4-0-0-25-6-Tue_Feb__7_19:08:47_2023.npz
pour_water,test,AWS-pour_water-4-0-0-25-14-Tue_Feb__7_19:19:30_2023.npz
pour_water,test,AWS-pour_water-7-0-0-50-4-Wed_Feb__8_01:47:45_2023.npz
pour_water,test,AWS-pour_water-0-0-0-50-10-Tue_Feb__7_04:40:15_2023.npz
pour_water,test,AWS-pour_water-2-0-0-0-15-Tue_Feb__7_08:29:25_2023.npz
pour_water,test,AWS-pour_water-4-1-0-50-15-Tue_Feb__7_20:28:03_2023.npz
pour_water,test,AWS-pour_water-3-0-0-0-5-Tue_Feb__7_15:27:51_2023.npz
pour_water,test,AWS-pour_water-4-0-0-0-12-Tue_Feb__7_18:37:02_2023.npz
pour_water,test,AWS-pour_water-3-0-0-0-12-Tue_Feb__7_13:23:54_2023.npz
pour_water,test,AWS-pour_water-3-0-0-50-12-Tue_Feb__7_13:44:49_2023.npz
pour_water,test,AWS-pour_water-5-0-0-50-2-Tue_Feb__7_22:31:39_2023.npz
pour_water,test,AWS-pour_water-4-1-0-25-15-Tue_Feb__7_20:18:33_2023.npz
pour_water,test,AWS-pour_water-6-0-0-0-6-Wed_Feb__8_01:35:06_2023.npz
pour_water,test,AWS-pour_water-1-0-0-0-7-Tue_Feb__7_07:40:02_2023.npz
pour_water,test,AWS-pour_water-1-0-0-25-15-Tue_Feb__7_05:57:28_2023.npz
pour_water,test,AWS-pour_water-1-0-0-25-10-Tue_Feb__7_05:49:33_2023.npz
pour_water,any_state,AWS-pour_water-3-1-0-80-4-Tue_Feb__7_17:21:37_2023.npz
pour_water,any_state,AWS-pour_water-0-0-0-66-15-Tue_Feb__7_04:48:36_2023.npz
pour_water,any_state,AWS-pour_water-5-0-0-34-8-Tue_Feb__7_22:40:18_2023.npz
pour_water,any_state,AWS-pour_water-4-0-0-20-14-Tue_Feb__7_19:19:30_2023.npz
pour_water,any_state,AWS-pour_water-6-0-0-43-7-Wed_Feb__8_01:21:13_2023.npz
pour_water,any_state,AWS-pour_water-5-0-0-57-0-Tue_Feb__7_21:46:03_2023.npz
pour_water,any_state,AWS-pour_water-6-0-0-65-6-Wed_Feb__8_01:35:06_2023.npz
pour_water,any_state,AWS-pour_water-1-0-0-63-15-Tue_Feb__7_05:56:08_2023.npz
pour_water,any_state,AWS-pour_water-6-0-0-48-14-Wed_Feb__8_01:00:07_2023.npz
pour_water,any_state,AWS-pour_water-5-0-0-10-14-Tue_Feb__7_22:09:55_2023.npz
pour_water,any_state,AWS-pour_water-4-0-0-43-2-Tue_Feb__7_18:30:06_2023.npz
pour_water,any_state,AWS-pour_water-6-0-0-53-6-Wed_Feb__8_01:37:29_2023.npz
pour_water,any_state,AWS-pour_water-5-0-0-29-2-Tue_Feb__7_22:31:39_2023.npz
pour_water,any_state,AWS-pour_water-7-0-0-56-4-Wed_Feb__8_01:47:45_2023.npz
pour_water,any_state,AWS-pour_water-0-0-0-22-0-Tue_Feb__7_05:23:36_2023.npz
pour_water,any_state,AWS-pour_water-3-0-0-60-3-Tue_Feb__7_15:44:43_2023.npz
pour_water,any_state,AWS-pour_water-7-0-0-82-6-Wed_Feb__8_02:43:26_2023.npz
pour_water,any_state,AWS-pour_water-7-0-0-11-9-Wed_Feb__8_01:52:44_2023.npz
pour_water,any_state,AWS-pour_water-6-0-0-64-6-Wed_Feb__8_01:36:41_2023.npz
pour_water,any_state,AWS-pour_water-4-0-0-33-12-Tue_Feb__7_18:37:02_2023.npz
transfer_water,novel_object,Xiaofeng-transfer_water-8-0-0-20-2-Fri_Feb_17_08:41:02_2023.npz
transfer_water,novel_object,Xiaofeng-transfer_water-8-0-0-40-9-Fri_Feb_17_08:25:13_2023.npz
transfer_water,novel_object,AWS-transfer_water-9-0-0-20-0-Fri_Feb_17_13:23:22_2023.npz
transfer_water,novel_object,Steven-transfer_water-8-0-0-40-14-Fri_Feb_17_19:32:06_2023.npz
transfer_water,novel_object,Steven-transfer_water-8-0-0-80-14-Fri_Feb_17_19:40:09_2023.npz
transfer_water,novel_object,Xiaofeng-transfer_water-8-0-0-80-9-Fri_Feb_17_08:37:01_2023.npz
transfer_water,novel_object,Xiaofeng-transfer_water-8-0-0-80-2-Fri_Feb_17_09:19:59_2023.npz
transfer_water,novel_object,Steven-transfer_water-8-0-0-20-14-Fri_Feb_17_19:15:19_2023.npz
transfer_water,novel_object,AWS-transfer_water-9-0-0-40-0-Fri_Feb_17_13:27:34_2023.npz
transfer_water,novel_object,Xiaofeng-transfer_water-8-0-0-80-2-Fri_Feb_17_09:08:43_2023.npz
transfer_water,novel_object,Xiaofeng-transfer_water-8-0-0-80-9-Fri_Feb_17_08:32:57_2023.npz
transfer_water,novel_object,Xiaofeng-transfer_water-8-0-0-40-2-Fri_Feb_17_08:47:20_2023.npz
transfer_water,novel_object,AWS-transfer_water-9-0-0-20-0-Fri_Feb_17_13:24:13_2023.npz
transfer_water,novel_object,Xiaofeng-transfer_water-8-0-0-40-2-Fri_Feb_17_08:45:30_2023.npz
transfer_water,novel_object,Xiaofeng-transfer_water-8-0-0-40-9-Fri_Feb_17_08:24:15_2023.npz
transfer_water,novel_object,Xiaofeng-transfer_water-8-0-0-80-2-Fri_Feb_17_09:07:46_2023.npz
transfer_water,novel_object,Xiaofeng-transfer_water-8-0-0-80-9-Fri_Feb_17_08:33:58_2023.npz
transfer_water,novel_object,Xiaofeng-transfer_water-8-0-0-80-2-Fri_Feb_17_09:31:07_2023.npz
transfer_water,novel_object,AWS-transfer_water-9-0-0-20-0-Fri_Feb_17_13:25:54_2023.npz
transfer_water,novel_object,Xiaofeng-transfer_water-8-0-0-40-2-Fri_Feb_17_08:50:15_2023.npz
transfer_water,novel_scene,Xiaofeng-transfer_water-4-0-0-80-16-Fri_Feb_17_06:56:13_2023.npz
transfer_water,novel_scene,Ziheng-transfer_water-0-0-0-40-17-Fri_Feb_17_12:38:12_2023.npz
transfer_water,novel_scene,AWS-transfer_water-3-0-0-20-17-Fri_Feb_17_05:32:26_2023.npz
transfer_water,novel_scene,Xiaofeng-transfer_water-4-0-0-20-16-Fri_Feb_17_06:22:18_2023.npz
transfer_water,novel_scene,AWS-transfer_water-3-0-0-80-17-Fri_Feb_17_06:01:15_2023.npz
transfer_water,novel_scene,AWS-transfer_water-3-0-0-20-17-Fri_Feb_17_05:33:13_2023.npz
transfer_water,novel_scene,Xiaofeng-transfer_water-4-0-0-80-16-Fri_Feb_17_07:00:26_2023.npz
transfer_water,novel_scene,Xiaofeng-transfer_water-4-0-0-80-16-Fri_Feb_17_06:54:08_2023.npz
transfer_water,novel_scene,Xiaofeng-transfer_water-4-0-0-40-16-Fri_Feb_17_06:32:24_2023.npz
transfer_water,novel_scene,Ziheng-transfer_water-0-0-0-40-17-Fri_Feb_17_12:32:33_2023.npz
transfer_water,novel_scene,AWS-transfer_water-3-0-0-80-17-Fri_Feb_17_06:04:30_2023.npz
transfer_water,novel_scene,AWS-transfer_water-3-0-0-40-17-Fri_Feb_17_05:46:37_2023.npz
transfer_water,novel_scene,Ziheng-transfer_water-0-0-0-40-17-Fri_Feb_17_12:33:27_2023.npz
transfer_water,novel_scene,Ziheng-transfer_water-0-0-0-20-17-Fri_Feb_17_12:31:35_2023.npz
transfer_water,novel_scene,Ziheng-transfer_water-0-0-0-80-17-Fri_Feb_17_13:20:06_2023.npz
transfer_water,novel_scene,Ziheng-transfer_water-0-0-0-20-17-Fri_Feb_17_12:28:02_2023.npz
transfer_water,novel_scene,Xiaofeng-transfer_water-4-0-0-20-16-Fri_Feb_17_06:23:58_2023.npz
transfer_water,novel_scene,Ziheng-transfer_water-0-0-0-40-17-Fri_Feb_17_12:36:19_2023.npz
transfer_water,novel_scene,Ziheng-transfer_water-0-0-0-20-17-Fri_Feb_17_12:27:08_2023.npz
transfer_water,novel_scene,AWS-transfer_water-3-0-0-80-17-Fri_Feb_17_06:05:21_2023.npz
transfer_water,novel_state,AWS-transfer_water-7-0-0-60-4-Fri_Feb_17_12:55:01_2023.npz
transfer_water,novel_state,AWS-transfer_water-4-0-0-60-11-Fri_Feb_17_06:22:42_2023.npz
transfer_water,novel_state,Xiaofeng-transfer_water-2-0-0-60-3-Fri_Feb_17_03:41:05_2023.npz
transfer_water,novel_state,Steven-transfer_water-4-0-0-60-3-Fri_Feb_17_16:24:50_2023.npz
transfer_water,novel_state,Xiaofeng-transfer_water-4-0-0-60-13-Fri_Feb_17_05:58:57_2023.npz
transfer_water,novel_state,Xiaofeng-transfer_water-2-0-0-60-3-Fri_Feb_17_03:35:31_2023.npz
transfer_water,novel_state,AWS-transfer_water-1-0-0-60-7-Fri_Feb_17_02:20:15_2023.npz
transfer_water,novel_state,AWS-transfer_water-6-0-0-60-5-Fri_Feb_17_10:16:12_2023.npz
transfer_water,novel_state,AWS-transfer_water-6-0-0-60-5-Fri_Feb_17_10:05:14_2023.npz
transfer_water,novel_state,AWS-transfer_water-7-0-0-60-13-Fri_Feb_17_13:13:33_2023.npz
transfer_water,novel_state,Ziheng-transfer_water-0-0-0-60-13-Fri_Feb_17_13:34:40_2023.npz
transfer_water,novel_state,Xiaofeng-transfer_water-3-0-0-60-0-Fri_Feb_17_04:31:16_2023.npz
transfer_water,novel_state,AWS-transfer_water-7-0-0-60-13-Fri_Feb_17_13:11:44_2023.npz
transfer_water,novel_state,AWS-transfer_water-2-0-0-60-1-Fri_Feb_17_03:57:37_2023.npz
transfer_water,novel_state,Steven-transfer_water-5-0-0-60-1-Fri_Feb_17_17:17:42_2023.npz
transfer_water,novel_state,Steven-transfer_water-0-1-0-60-6-Fri_Feb_17_13:53:24_2023.npz
transfer_water,novel_state,AWS-transfer_water-6-0-0-60-5-Fri_Feb_17_10:14:16_2023.npz
transfer_water,novel_state,Ziheng-transfer_water-0-0-0-60-13-Fri_Feb_17_13:39:10_2023.npz
transfer_water,novel_state,AWS-transfer_water-2-0-0-60-1-Fri_Feb_17_04:20:14_2023.npz
transfer_water,novel_state,AWS-transfer_water-0-0-0-60-11-Fri_Feb_17_01:04:13_2023.npz
transfer_water,test,AWS-transfer_water-7-0-0-40-13-Fri_Feb_17_13:10:49_2023.npz
transfer_water,test,Steven-transfer_water-3-0-0-80-5-Fri_Feb_17_15:25:03_2023.npz
transfer_water,test,Steven-transfer_water-3-1-0-80-7-Fri_Feb_17_15:56:05_2023.npz
transfer_water,test,Xiaofeng-transfer_water-4-0-0-20-5-Fri_Feb_17_05:02:11_2023.npz
transfer_water,test,Steven-transfer_water-7-0-0-80-14-Fri_Feb_17_19:05:03_2023.npz
transfer_water,test,Xiaofeng-transfer_water-2-0-0-80-10-Fri_Feb_17_03:03:34_2023.npz
transfer_water,test,Ziheng-transfer_water-0-0-0-80-13-Fri_Feb_17_13:51:48_2023.npz
transfer_water,test,Steven-transfer_water-0-1-0-40-6-Fri_Feb_17_13:50:10_2023.npz
transfer_water,test,Steven-transfer_water-3-1-0-40-7-Fri_Feb_17_15:43:29_2023.npz
transfer_water,test,Steven-transfer_water-4-0-0-80-3-Fri_Feb_17_16:30:02_2023.npz
transfer_water,test,Steven-transfer_water-0-1-0-80-10-Fri_Feb_17_14:29:51_2023.npz
transfer_water,test,Ziheng-transfer_water-1-0-0-80-15-Fri_Feb_17_14:39:00_2023.npz
transfer_water,test,Steven-transfer_water-6-1-0-80-3-Fri_Feb_17_18:38:02_2023.npz
transfer_water,test,AWS-transfer_water-6-0-0-20-15-Fri_Feb_17_11:34:15_2023.npz
transfer_water,test,Ziheng-transfer_water-0-0-0-80-13-Fri_Feb_17_13:52:41_2023.npz
transfer_water,test,Xiaofeng-transfer_water-2-0-0-20-3-Fri_Feb_17_03:23:34_2023.npz
transfer_water,test,Xiaofeng-transfer_water-3-0-0-20-0-Fri_Feb_17_04:17:50_2023.npz
transfer_water,test,Xiaofeng-transfer_water-2-0-0-20-10-Fri_Feb_17_02:46:18_2023.npz
transfer_water,test,AWS-transfer_water-0-0-0-80-10-Fri_Feb_17_01:44:11_2023.npz
transfer_water,test,Steven-transfer_water-6-1-0-40-3-Fri_Feb_17_18:06:05_2023.npz
transfer_water,any_state,AWS-transfer_water-7-0-0-11-4-Fri_Feb_17_12:43:18_2023.npz
transfer_water,any_state,Ziheng-transfer_water-0-0-0-50-13-Fri_Feb_17_13:52:41_2023.npz
transfer_water,any_state,AWS-transfer_water-7-0-0-46-13-Fri_Feb_17_13:10:49_2023.npz
transfer_water,any_state,AWS-transfer_water-6-0-0-17-5-Fri_Feb_17_10:01:19_2023.npz
transfer_water,any_state,Steven-transfer_water-3-0-0-33-5-Fri_Feb_17_15:23:17_2023.npz
transfer_water,any_state,AWS-transfer_water-7-0-0-30-13-Fri_Feb_17_13:04:49_2023.npz
transfer_water,any_state,Ziheng-transfer_water-1-0-0-31-15-Fri_Feb_17_14:39:00_2023.npz
transfer_water,any_state,Xiaofeng-transfer_water-1-0-0-60-8-Fri_Feb_17_01:26:04_2023.npz
transfer_water,any_state,AWS-transfer_water-2-0-0-66-1-Fri_Feb_17_04:32:55_2023.npz
transfer_water,any_state,Steven-transfer_water-0-1-0-77-10-Fri_Feb_17_14:29:51_2023.npz
transfer_water,any_state,Steven-transfer_water-4-0-0-13-3-Fri_Feb_17_16:30:02_2023.npz
transfer_water,any_state,Steven-transfer_water-0-1-0-63-10-Fri_Feb_17_14:12:11_2023.npz
transfer_water,any_state,AWS-transfer_water-6-0-0-81-15-Fri_Feb_17_11:34:15_2023.npz
transfer_water,any_state,AWS-transfer_water-0-0-0-68-10-Fri_Feb_17_01:44:11_2023.npz
transfer_water,any_state,Steven-transfer_water-3-0-0-70-5-Fri_Feb_17_15:25:03_2023.npz
transfer_water,any_state,Steven-transfer_water-6-1-0-72-3-Fri_Feb_17_17:56:34_2023.npz
transfer_water,any_state,AWS-transfer_water-5-0-0-71-2-Fri_Feb_17_09:47:06_2023.npz
transfer_water,any_state,AWS-transfer_water-1-0-0-60-7-Fri_Feb_17_02:03:03_2023.npz
transfer_water,any_state,AWS-transfer_water-4-0-0-16-11-Fri_Feb_17_06:07:01_2023.npz
transfer_water,any_state,AWS-transfer_water-6-0-0-68-15-Fri_Feb_17_12:39:03_2023.npz
